項次,中文品名,英文品名,使用食品範圍及限量,使用限制,類別
1,己二烯酸,Sorbic Acid,"1.本品可使用於魚肉煉製品、肉製品、海膽、魚子醬、花生醬、醬菜類、水分含量25％以上（含25％）之蘿蔔乾、醃漬蔬菜、豆皮豆乾類及乾酪；用量以Sorbic Acid計為2.0g/kg以下。 
2.本品可使用於煮熟豆、醬油、味噌、烏魚子、魚貝類乾製品、海藻醬類、豆腐乳、糖漬果實類、脫水水果、糕餅、果醬、果汁、乳酪、奶油、人造奶油、番茄醬、辣椒醬、濃糖果漿、調味糖漿及其他調味醬；用量以Sorbic Acid計為1.0g/kg以下。 
3.本品可使用於不含碳酸飲料、碳酸飲料；用量以Sorbic Acid 計為0.5g/kg以下。
4.本品可使用於膠囊狀、錠狀食品；用量以Sorbic Acid 計為2.0 g/kg以下。",,(一) 防腐劑
2,己二烯酸鉀,Potassium Sorbate,"1.本品可使用於魚肉煉製品、肉製品、海膽、魚子醬、花生醬、 醬菜類、水分含量25％以上（含25％）之蘿蔔乾、醃漬蔬菜、豆皮豆乾類及乾酪；用量Sorbic Acid計為2.0g/kg以下。 
2.本品可使用於煮熟豆、醬油、味噌、烏魚子、魚貝類乾製品、海藻醬類、豆腐乳、糖漬果實類、脫水水果、糕餅、果醬、果汁、乳酪、奶油、人造奶油、番茄醬、辣椒醬、濃糖果漿、調味糖漿及其他調味醬；用量以Sorbic Acid計為1.0g/kg以下。 
3.本品可使用於不含碳酸飲料、碳酸飲料；用量以Sorbic Acid 計為0.5g/kg以下。 
4.本品可使用於膠囊狀、錠狀食品；用量以Sorbic Acid 計為2.0 g/kg以下。",,(一) 防腐劑
3,己二烯酸鈉,Sodium Sorbate,"1.本品可使用於魚肉煉製品、肉製品、海膽、魚子醬、花生醬、醬菜類、水分含量25％以上（含25％）之蘿蔔乾、醃漬蔬菜、豆皮豆乾類及乾酪；用量以Sorbic Acid計為2.0g/kg以下。 
2.本品可使用於煮熱豆、醬油、味噌、烏魚子、魚貝類乾製品、海藻醬類、豆腐乳、糖漬果實類、脫水水果、糕餅、果醬、果汁、乳酪、奶油、人造奶油、番茄醬、辣椒醬、濃糖果漿、調味糖漿及其他調味醬；用量以Sorbic Acid計為1.0g/kg以下。 
3.本品可使用於不含碳酸飲料、碳酸飲料；用量以Sorbic Acid 計為0.5g/kg以下。 
4.本品可使用於膠囊狀、錠狀食品；用量以Sorbic Acid 計為2.0 g/kg以下。",,(一) 防腐劑
4,丙酸鈣,Calcium Propionate,本品可使用於麵包及糕餅；用量以Propionic Acid計為2.5g/kg以下。,,(一) 防腐劑
5,丙酸鈉,Sodium Propionate,本品可使用於麵包及糕餅；用量以Propionic Acid計為2.5g/kg以下。,,(一) 防腐劑
6,去水醋酸,Dehydroacetic Acid,本品可使用於乾酪、乳酪、奶油及人造奶油；用量以Dehydroacetic Acid計為0.5g/kg以下。,,(一) 防腐劑
7,去水醋酸鈉,Sodium Dehydroacetate,本品可使用於乾酪、乳酪、奶油及人造奶油；用量以Dehydroacetic Acid計為0.5g/kg以下。,,(一) 防腐劑
8,苯甲酸,Benzoic Acid,"1.本品可使用於魚肉煉製品、肉製品、海膽、魚子醬、花生醬、乾酪、糖漬果實類、脫水水果、水分含量25％以上（含25％）之蘿蔔乾、煮熟豆、味噌、海藻醬類、豆腐乳、糕餅、醬油、果醬、果汁、乳酪、奶油、人造奶油、番茄醬、辣椒醬、濃糖果漿、調味糖漿及其他調味醬；用量以Benzoic Acid計為1.0g/kg以下。
2.本品可使用於烏魚子、魚貝類乾製品、碳酸飲料、不含碳酸飲料、醬菜類、豆皮豆乾類、醃漬蔬菜；用量以Benzoic Acid為0.6g/kg以下。 
3.本品可使用於膠囊狀、錠狀食品；用量以Benzoic Acid計為2.0 g/kg以下。",,(一) 防腐劑
9,苯甲酸鈉,Sodium Benzoate,"1.本品可使用於魚肉煉製品、肉製品、海膽、魚子醬、花生醬、乾酪、糖漬果實類、脫水水果、水分含量25％以上（含25％）之蘿蔔乾、煮熟豆、味噌、海藻醬類、豆腐乳、糕餅、醬油、果醬、果汁、乳酪、奶油、人造奶油、番茄醬、辣椒醬、濃糖果漿、調味糖漿及其他調味醬；用量以Benzoic Acid計為1.0g/kg以下。
2.本品可使用於烏魚子、魚貝類乾製品、碳酸飲料、不含碳酸飲料、醬菜類、豆皮豆乾類、醃漬蔬菜；用量以Benzoic Acid為0.6g/kg以下。
3.本品可使用於膠囊狀、錠狀食品；用量以Benzoic Acid計為2.0 g/kg以下。",,(一) 防腐劑
10,對羥苯甲酸乙酯,Ethylp-Hydroxybenzoate,"1.本品可使用於豆皮豆乾類及醬油；用量以p-Hydroxybenzoic Acid計為0.25g/kg以下。 
2.本品可使用於醋及不含碳酸飲料；用量以p-Hydroxybenzoic Acid計為0.10g/kg以下。 
3.本品可使用於鮮果及果菜之外皮；用量以p-Hydroxybenzoic Acid計為0.012g/kg以下。",,(一) 防腐劑
11,對羥苯甲酸丙酯,Propyl p-Hydroxybenzoate,"1.本品可使用於豆皮豆乾類及醬油；用量以p-Hydroxybenzoic Acid  
  計為0.25g/kg以下。 

2.本品可使用於醋及不含碳酸飲料；用量以p-Hydroxybenzoic Acid計為0.10g/kg以下。 

3.本品可使用於鮮果及果菜之外皮；用量以p-Hydroxybenzoic Acid計為0.012g/kg以下。",,(一) 防腐劑
12,對羥苯甲酸丁酯,Butylp-Hydroxybenzoate,"1.本品可使用於豆皮豆乾類及醬油；用量以p-Hydroxybenzoic Acid計為0.25g/kg以下。 

2.本品可使用於醋及不含碳酸飲料；用量以p-Hydroxybenzoic Acid計為0.10g/kg以下。 

3.本品可使用於鮮果及果菜之外皮；用量以p-Hydroxybenzoic Acid計為0.012g/kg以下。",,(一) 防腐劑
13,對羥苯甲酸異丙酯,Isopropylp-Hydroxybenzoate,"1.本品可使用於豆皮豆乾類及醬油；用量以p-Hydroxybenzoic Acid計為0.25g/kg以下。 

2.本品可使用於醋及不含碳酸飲料；用量以p-Hydroxybenzoic Acid計為0.10g/kg以下。 

3.本品可使用於鮮果及果菜之外皮；用量以p-Hydroxybenzoic Acid計為0.012g/kg以下。",,(一) 防腐劑
14,對羥苯甲酸異丁酯,Isobutylp-Hydroxybenzoate,"1.本品可使用於豆皮豆乾類及醬油；用量以p-Hydroxybenzoic Acid計為0.25g/kg以下。 

2.本品可使用於醋及不含碳酸飲料；用量以p-Hydroxybenzoic Acid計為0.10g/kg以下。 

3.本品可使用於鮮果及果菜之外皮；用量以p-Hydroxybenzoic Acid計為0.012g/kg以下。",,(一) 防腐劑
15,聯苯,Biphenyl,本品限用於葡萄柚、檸檬及柑桔外敷之紙張；用量為0.07g/kg以下（以殘留量計）。,,(一) 防腐劑
16,二醋酸鈉,Sodium Diacetate（Sodium HydrogenDiacetate）,"1.本品可使用於包裝烘焙食品；用量0.40％以下。

2.本品可使用於包裝之肉汁及調味汁；用量為0.25％以下。 

3.本品可使用於包裝之油脂、肉製品及軟糖果；用量為0.10％以下。 

4.本品可使用於包裝之點心食品、湯及湯粉；用量為0.05％以下。",,(一) 防腐劑
17,己二烯酸鈣,Calcium Sorbate,"1.本品可使用於魚肉煉製品、肉製品、海膽、魚子醬、花生醬、醬菜類、水分含量25％以上（含25％）之蘿蔔乾、醃漬蔬菜、豆皮豆乾類及乾酪；用量以Sorbic Acid計為2.0g/kg以下。 

2.本品可使用於煮熟豆、醬油、味噌、烏魚子、魚貝類乾製品、海藻醬類、豆腐乳、糖漬果實類、脫水水果、糕餅、果醬、果汁、乳酪、奶油、人造奶油、番茄醬、辣椒醬、濃糖果漿、調味糖漿及其他調味醬；用量以Sorbic Acid計為1.0g/kg以下。 

3.本品可使用於不含碳酸飲料、碳酸飲料；用量以Sorbic Acid 計為0.5g/kg以下。

4.本品可使用於膠囊狀、錠狀食品；用量以Sorbic Acid 計為2.0 g/kg以下。",,(一) 防腐劑
18,苯甲酸鉀,Potassium Benzoate,"1.本品可使用於魚肉煉製品、肉製品、海膽、魚子醬、花生醬、乾酪、糖漬果實類、脫水水果、水分含量25％以上（含25％）之蘿蔔乾、煮熟豆、味噌、海藻醬類、豆腐乳、糕餅、醬油、果醬、果汁、乳酪、奶油、人造奶油、番茄醬、辣椒醬、濃糖果漿、調味糖漿及其他調味醬；用量以Benzoic Acid計為1.0g/kg以下。

2.本品可使用於烏魚子、魚貝類乾製品、碳酸飲料、不含碳酸飲料、醬菜類、豆皮豆乾類、醃漬蔬菜；用量以Benzoic Acid為0.6g/kg以下。

3.本品可使用於膠囊狀、錠狀食品；用量以Benzoic Acid計為2.0 g/kg以下。",,(一) 防腐劑
19,乳酸鏈球菌素,Nisin,本品可使用於乾酪及其加工製品；用量為0.25g/ kg以下。,,(一) 防腐劑
20,雙十二烷基硫酸硫胺明（雙十二烷基硫酸噻胺）,ThiamineDilaurylsulfate,本品可使用於醬油；用量以  Laurylsulfate計為0.01 g/kg以下。,限用為防腐劑,(一) 防腐劑
21,丙酸,Propionic Acid,本品可使用於麵包及糕餅；用量以Propionic Acid計為2.5g/kg以下。,,(一) 防腐劑
22,鏈黴菌素,Natamycin(Pimaricin),本品可使用於乾酪及經醃漬、乾燥而未加熱處理之加工禽畜肉製品；用量在20 mg/kg 以下。,,(一) 防腐劑
23,對羥苯甲酸甲酯,Methylp-Hydroxybenzoate,"1.本品可使用於豆皮豆乾類及醬油；用量以p-Hydroxybenzoic Acid計為0.25 g/kg以下。 

2.本品可使用於醋及不含碳酸飲料；用量以p-Hydroxybenzoic Acid計為0.10 g/kg以下。

3.本品可使用於鮮果及果菜之外皮；用量以p-Hydroxybenzoic Acid計為0.012 g/kg以下。",,(一) 防腐劑
24,二甲基二碳酸酯 (二碳酸二甲酯),Dimethyl Dicarbonate,本品可使用於調味飲料，用量在250 mg/kg以下。,本品限用於以水為基底之液態飲料，於最終產品中不得有二甲基二碳酸酯殘留物檢出。,(一) 防腐劑
25,過氧化氫（雙氧水）,Hydrogen Peroxide,本品可使用於魚肉煉製品、除麵粉及其製品以外之其他食品；用量以H2O2 殘留量計：食品中不得殘留。,,(二) 殺菌劑
26,二丁基羥基甲苯,Dibutyl HydroxyToluene（BHT）,"1.本品可使用於冷凍魚貝類及冷凍鯨魚肉之浸漬液；用量為1.0g/kg以下。

2.本品可使用於口香糖及泡泡糖；用量為0.75g/kg以下。

3.本品可使用於油脂、乳酪（butter）、奶油（cream）、魚貝類乾製品及鹽藏品；用量為0.20g/kg以下。

4.本品可使用於脫水馬鈴薯片（flakes）或粉、脫水甘薯片（flakes），及其他乾燥穀類早餐；用量為0.05g/kg以下。

5.本品可使用於馬鈴薯顆粒（granules）；用量為0.010g/kg以下。 

6.本品可使用於膠囊狀、錠狀食品；用量為0.40 g/kg以下。",,(三) 抗氧化劑
27,丁基羥基甲氧苯,Butyl HydroxyAnisole（BHA）,"1.本品可使用於冷凍魚貝類及冷凍鯨魚肉之浸漬液；用量為1.0g/kg 以下。                
 
2.本品可使用於口香糖及泡泡糖；用量為0.75g/kg以下。           

3.本品可使用於油脂、乳酪（butter）、奶油（cream）、魚貝類乾製品及鹽藏品；用量為0.20g/kg以下。       

4.本品可使用於脫水馬鈴薯片（flakes）或粉、脫水甘薯片（flakes），及其他乾燥穀類早餐；用量為0.05g/kg以下。                   

5.本品可使用於馬鈴薯顆粒（granules）；用量為0.010g/kg 以下。 

6.本品可使用於膠囊狀、錠狀食品；用量為0.40 g/kg以下。",,(三) 抗氧化劑
28,L-抗壞血酸（維生素C ）,L-Ascorbic Acid（Vitamin C）,本品可使用於各類食品；用量以Ascorbic Acid 計為1.3g/kg 以下,限用為抗氧化劑。,(三) 抗氧化劑
29,L-抗壞血酸鈉,Sodium L-Ascorbate,本品可使用於各類食品；用量以Ascorbic Acid 計為1.3g/kg 以下。,限用為抗氧化劑。,(三) 抗氧化劑
30,L-抗壞血酸硬脂酸酯,L-Ascorbyl Stearate,本品可使用於各類食品；用量以Ascorbic Acid 計為1.3g/kg 以下。,限用為抗氧化劑。,(三) 抗氧化劑
31,L-抗壞血酸棕櫚酸酯,L-Ascorbyl Palmitate,本品可使用於各類食品；用量以Ascorbic Acid 計為1.3g/kg 以下。,限用為抗氧化劑。,(三) 抗氧化劑
32,異抗壞血酸,Erythorbic Acid,本品可使用於各類食品；用量以Ascorbic Acid 計為1.3g/kg 以下。,限用為抗氧化劑。,(三) 抗氧化劑
33,異抗壞血酸鈉,Sodium Erythorbate,本品可使用於各類食品；用量以Ascorbic Acid 計為1.3g/kg 以下。,限用為抗氧化劑。,(三) 抗氧化劑
34,生育醇（維生素E ）,dl-α-Tocopherol（Vitamin E）,本品可使用於各類食品；用量同營養添加劑生育醇（維生素E ）之標準。,,(三) 抗氧化劑
35,沒食子酸丙酯,Propyl Gallate,本品可使用於油脂、乳酪及奶油；用量為0.10g/kg以下。,,(三) 抗氧化劑
36,癒創樹脂,Guaiac Resin,本品可使用於油脂、乳酪及奶油；用量為1.0g/kg以下。,,(三) 抗氧化劑
37,L-半胱胺酸鹽酸鹽,L-Cysteine Monohydrochloride,本品可於麵包及果汁中視實際需要適量使用。,,(三) 抗氧化劑
38,第三丁基氫醌,Tertiary ButylHydroquinone,本品可使用於油脂、乳酪及奶油；用量為0.20g/kg以下。,,(三) 抗氧化劑
39,L-抗壞血酸鈣,Calcium L-Ascorbate,本品可使用於各類食品；用量以Ascorbic Acid 計為1.3g/kg 以下。,限用為抗氧化劑。,(三) 抗氧化劑
40,混合濃縮生育醇,TocopherolsConcentrate，Mixed,本品可使用於各類食品；用量同營養添加劑生育醇（維生素E ）之標準。,,(三) 抗氧化劑
41,濃縮 d-α-生育醇,d-α-TocopherolConcentrate,本品可使用於各類食品；用量同營養添加劑生育醇（維生素E ）之標準。,,(三) 抗氧化劑
42,乙烯二胺四醋酸二鈉或乙烯二胺四醋酸二鈉鈣,EDTA Na2 or EDTA CaNa2,本品可使用於為防止油脂氧化而引起變味之食品；用量為0.10g/kg以下（以食品重量計）。,EDTA Na2於最終食品完成前必須與鈣離子結合成EDTA CaNa2 。,(三) 抗氧化劑
43,亞硫酸鉀,Potassium Sulfite,"1.本品可使用於麥芽飲料（不含酒精）；用量以SO2殘留量計為0.03 g/kg以下。

2.本品可使用於果醬、果凍、果皮凍及水果派餡；用量以SO2殘留量計為0.1 g/kg以下。

3.本品可使用於表面裝飾用途（薄煎餅之糖漿、奶昔及冰淇淋等產品之調味糖漿）；用量以SO2殘留量計為0.04 g/kg以下。

4.本品可使用於含葡萄糖糖漿之糕餅；用量以SO2殘留量計為0.05 g/kg以下。",限於食品製造或加工必須時使用。,(三) 抗氧化劑
44,亞硫酸鈉,Sodium Sulfite,"1.本品可使用於麥芽飲料（不含酒精）；用量以SO2殘留量計為0.03 g/kg以下。

2.本品可使用於果醬、果凍、果皮凍及水果派餡；用量以SO2殘留量計為0.1 g/kg以下。

3.本品可使用於表面裝飾用途（薄煎餅之糖漿、奶昔及冰淇淋等產品之調味糖漿）；用量以SO2殘留量計為0.04 g/kg以下。

4.本品可使用於含葡萄糖糖漿之糕餅；用量以SO2殘留量計為0.05 g/kg以下。",限於食品製造或加工必須時使用。,(三) 抗氧化劑
45,亞硫酸鈉（無水）,Sodium Sulfite（Anhydrous）,"1.本品可使用於麥芽飲料（不含酒精）；用量以SO2殘留量計為0.03 g/kg以下。

2.本品可使用於果醬、果凍、果皮凍及水果派餡；用量以SO2殘留量計為0.1 g/kg以下。

3.本品可使用於表面裝飾用途（薄煎餅之糖漿、奶昔及冰淇淋等產品之調味糖漿）；用量以SO2殘留量計為0.04 g/kg以下。

4.本品可使用於含葡萄糖糖漿之糕餅；用量以SO2殘留量計為0.05 g/kg以下。",限於食品製造或加工必須時使用。,(三) 抗氧化劑
46,亞硫酸氫鈉,Sodium Bisulfite,"1.本品可使用於麥芽飲料（不含酒精）；用量以SO2殘留量計為0.03 g/kg以下。

2.本品可使用於果醬、果凍、果皮凍及水果派餡；用量以SO2殘留量計為0.1 g/kg以下。

3.本品可使用於表面裝飾用途（薄煎餅之糖漿、奶昔及冰淇淋等產品之調味糖漿）；用量以SO2殘留量計為0.04 g/kg以下。

4.本品可使用於含葡萄糖糖漿之糕餅；用量以SO2殘留量計為0.05 g/kg以下。",限於食品製造或加工必須時使用。,(三) 抗氧化劑
47,低亞硫酸鈉,Sodium Hydrosulfite,"1.本品可使用於麥芽飲料（不含酒精）；用量以SO2殘留量計為0.03 g/kg以下。

2.本品可使用於果醬、果凍、果皮凍及水果派餡；用量以SO2殘留量計為0.1 g/kg以下。

3.本品可使用於表面裝飾用途（薄煎餅之糖漿、奶昔及冰淇淋等產品之調味糖漿）；用量以SO2殘留量計為0.04 g/kg以下。

4.本品可使用於含葡萄糖糖漿之糕餅；用量以SO2殘留量計為0.05 g/kg以下。",限於食品製造或加工必須時使用。,(三) 抗氧化劑
48,偏亞硫酸氫鉀,Potassium Metabisulfite,"1.本品可使用於麥芽飲料（不含酒精）；用量以SO2殘留量計為0.03 g/kg以下。

2.本品可使用於果醬、果凍、果皮凍及水果派餡；用量以SO2殘留量計為0.1 g/kg以下。

3.本品可使用於表面裝飾用途（薄煎餅之糖漿、奶昔及冰淇淋等產品之調味糖漿）；用量以SO2殘留量計為0.04 g/kg以下。

4.本品可使用於含葡萄糖糖漿之糕餅；用量以SO2殘留量計為0.05 g/kg以下。",限於食品製造或加工必須時使用。,(三) 抗氧化劑
49,亞硫酸氫鉀,Potassium Bisulfite,"1.本品可使用於麥芽飲料（不含酒精）；用量以SO2殘留量計為0.03 g/kg以下。

2.本品可使用於果醬、果凍、果皮凍及水果派餡；用量以SO2殘留量計為0.1 g/kg以下。

3.本品可使用於表面裝飾用途（薄煎餅之糖漿、奶昔及冰淇淋等產品之調味糖漿）；用量以SO2殘留量計為0.04 g/kg以下。

4.本品可使用於含葡萄糖糖漿之糕餅；用量以SO2殘留量計為0.05 g/kg以下。",限於食品製造或加工必須時使用。,(三) 抗氧化劑
50,偏亞硫酸氫鈉,Sodium Metabisulfite,"1.本品可使用於麥芽飲料（不含酒精）；用量以SO2殘留量計為0.03 g/kg以下。

2.本品可使用於果醬、果凍、果皮凍及水果派餡；用量以SO2殘留量計為0.1 g/kg以下。

3.本品可使用於表面裝飾用途（薄煎餅之糖漿、奶昔及冰淇淋等產品之調味糖漿）；用量以SO2殘留量計為0.04 g/kg以下。

4.本品可使用於含葡萄糖糖漿之糕餅；用量以SO2殘留量計為0.05 g/kg以下。",限於食品製造或加工必須時使用。,(三) 抗氧化劑
51,α– 醣基異槲皮苷,α– Glycosyl–isoquercitrin,"1. 本品可用於飲料、蔬果汁、冷凍乳製品、動物膠、布丁、果醬、果凍、糖果、糕餅、湯粉及罐裝湯品，用量為150 mg/kg以下。

2. 本品可用於口香糖，用量為1500 mg/kg以下。",,(三) 抗氧化劑
52,迷迭香萃取物,Extracts of Rosemary,"1.本品可用於堅果醬、加工堅果、烘焙製品、調味料及調味醬，用量以鼠尾草酸(carnosic acid)及鼠尾草酚(carnosol)總量計 200 mg/kg 以下(以油脂含量計)。
2.本品可用於口香糖及泡泡糖、加工蛋製品、仿魚卵製品、脫水馬鈴薯，用量以鼠尾草酸(carnosic acid)及鼠尾草酚(carnosol)總量計 200 mg/kg 以下。
3.本品可用於油脂含量10%以上之水產製品、油脂含量10%以上肉製品(排除乾製香腸)、脫水肉品，用量以鼠尾草酸及鼠尾草酚總量計 150 mg/kg 以下(以油脂含量計)。
4.本品可用於乾製香腸、人造奶油及油脂抹醬，用量以鼠尾草酸及鼠尾草酚總量計 100 mg/kg 以下(以油脂含量計)。
5.本品可用於食用油脂(排除初榨油、橄欖油及橄欖粕油)、植物性烤盤油，以及以馬鈴薯、穀類及澱粉製之零食，用量以鼠尾草酸及鼠尾草酚總量計 50 mg/kg 以下(以油脂含量計)。
6.本品可用於湯品，用量以鼠尾草酸及鼠尾草酚總量計 50 mg/kg 以下。
7.本品可用於供冰淇淋產製之乳粉，用量以鼠尾草酸及鼠尾草酚總量計 30 mg/kg 以下(以油脂含量計)。
8.本品可用於3歲以上族群之膠囊、錠狀、粉狀及液態膳食補充品，用量以鼠尾草酸及鼠尾草酚總量計400 mg/kg以下。
9.本品可用於油脂含量10%以下之水產製品、油脂含量10%以下肉製品(排除乾製香腸)，用量以鼠尾草酸及鼠尾草酚總量計 15 mg/kg 以下(以油脂含量計)。
10.本品可用於麵食類製品之餡料，用量以鼠尾草酸及鼠尾草酚總量計 250 mg/kg 以下(以油脂含量計)。",限於食品製造或加工必須時使用。,(三) 抗氧化劑
53,亞硫酸鉀,Potassium Sulfite,"1.本品可使用於金針乾製品；用量以SO2殘留量計為4.0g/kg以下。 
2.本品可用於杏乾；用量以SO2殘留量計為2.0 g/kg以下。 
3.本品可使用於白葡萄乾；用量以SO2殘留量計為1.5 g/kg以下。 
4.本品可使用於動物膠、脫水蔬菜及其他脫水水果；用量以SO2殘留量計為0.50 g/kg以下。 
5.本品可使用於糖蜜及糖飴；用量以SO2殘留量計為0.30 g/kg以下。
6.本品可使用於食用樹薯澱粉；用量以SO2殘留量計為0.15 g/kg以下。
7.本品可使用於糖漬果實類、蝦類及貝類；用量以SO2殘留量計為0.10 g/kg以下。 
8.本品可使用於蒟蒻：非直接供食用之蒟蒻原料，用量以SO2殘留量計為0.90 g/kg以下；直接供食用之蒟蒻製品，用量以SO2殘留量計為0.030 g/kg以下。
9.本品可使用於上述食品以外之其他加工食品；用量以SO2殘留量計為0.030 g/kg以下。但飲料（不包括果汁）、麵粉及其製品（不包括烘焙食品）不得使用。",,(四) 漂白劑
54,亞硫酸鈉,Sodium Sulfite,"1.本品可使用於金針乾製品；用量以SO2殘留量計為4.0g/kg以下。 
2.本品可用於杏乾；用量以SO2殘留量計為2.0 g/kg以下。 
3.本品可使用於白葡萄乾；用量以SO2殘留量計為1.5 g/kg以下。 
4.本品可使用於動物膠、脫水蔬菜及其他脫水水果；用量以SO2殘留量計為0.50 g/kg以下。 
5.本品可使用於糖蜜及糖飴；用量以SO2殘留量計為0.30 g/kg以下。
6.本品可使用於食用樹薯澱粉；用量以SO2殘留量計為0.15 g/kg以下。
7.本品可使用於糖漬果實類、蝦類及貝類；用量以SO2殘留量計為0.10 g/kg以下。 
8.本品可使用於蒟蒻：非直接供食用之蒟蒻原料，用量以SO2殘留量計為0.90 g/kg以下；直接供食用之蒟蒻製品，用量以SO2殘留量計為0.030 g/kg以下。
9.本品可使用於上述食品以外之其他加工食品；用量以SO2殘留量計為0.030 g/kg以下。但飲料（不包括果汁）、麵粉及其製品（不包括烘焙食品）不得使用。",,(四) 漂白劑
55,亞硫酸鈉（無水）,Sodium Sulfite（Anhydrous）,"1.本品可使用於金針乾製品；用量以SO2殘留量計為4.0g/kg以下。 
2.本品可用於杏乾；用量以SO2殘留量計為2.0 g/kg以下。 
3.本品可使用於白葡萄乾；用量以SO2殘留量計為1.5 g/kg以下。 
4.本品可使用於動物膠、脫水蔬菜及其他脫水水果；用量以SO2殘留量計為0.50 g/kg以下。 
5.本品可使用於糖蜜及糖飴；用量以SO2殘留量計為0.30 g/kg以下。
6.本品可使用於食用樹薯澱粉；用量以SO2殘留量計為0.15 g/kg以下。
7.本品可使用於糖漬果實類、蝦類及貝類；用量以SO2殘留量計為0.10 g/kg以下。 
8.本品可使用於蒟蒻：非直接供食用之蒟蒻原料，用量以SO2殘留量計為0.90 g/kg以下；直接供食用之蒟蒻製品，用量以SO2殘留量計為0.030 g/kg以下。
9.本品可使用於上述食品以外之其他加工食品；用量以SO2殘留量計為0.030 g/kg以下。但飲料（不包括果汁）、麵粉及其製品（不包括烘焙食品）不得使用。",,(四) 漂白劑
56,亞硫酸氫鈉,Sodium Bisulfite,"1.本品可使用於金針乾製品；用量以SO2殘留量計為4.0g/kg以下。 
2.本品可用於杏乾；用量以SO2殘留量計為2.0 g/kg以下。 
3.本品可使用於白葡萄乾；用量以SO2殘留量計為1.5 g/kg以下。 
4.本品可使用於動物膠、脫水蔬菜及其他脫水水果；用量以SO2殘留量計為0.50 g/kg以下。 
5.本品可使用於糖蜜及糖飴；用量以SO2殘留量計為0.30 g/kg以下。
6.本品可使用於食用樹薯澱粉；用量以SO2殘留量計為0.15 g/kg以下。
7.本品可使用於糖漬果實類、蝦類及貝類；用量以SO2殘留量計為0.10 g/kg以下。 
8.本品可使用於蒟蒻：非直接供食用之蒟蒻原料，用量以SO2殘留量計為0.90 g/kg以下；直接供食用之蒟蒻製品，用量以SO2殘留量計為0.030 g/kg以下。
9.本品可使用於上述食品以外之其他加工食品；用量以SO2殘留量計為0.030 g/kg以下。但飲料（不包括果汁）、麵粉及其製品（不包括烘焙食品）不得使用。",,(四) 漂白劑
57,低亞硫酸鈉,Sodium Hydrosulfite,"1.本品可使用於金針乾製品；用量以SO2殘留量計為4.0g/kg以下。 
2.本品可用於杏乾；用量以SO2殘留量計為2.0 g/kg以下。 
3.本品可使用於白葡萄乾；用量以SO2殘留量計為1.5 g/kg以下。 
4.本品可使用於動物膠、脫水蔬菜及其他脫水水果；用量以SO2殘留量計為0.50 g/kg以下。 
5.本品可使用於糖蜜及糖飴；用量以SO2殘留量計為0.30 g/kg以下。
6.本品可使用於食用樹薯澱粉；用量以SO2殘留量計為0.15 g/kg以下。
7.本品可使用於糖漬果實類、蝦類及貝類；用量以SO2殘留量計為0.10 g/kg以下。 
8.本品可使用於蒟蒻：非直接供食用之蒟蒻原料，用量以SO2殘留量計為0.90 g/kg以下；直接供食用之蒟蒻製品，用量以SO2殘留量計為0.030 g/kg以下。
9.本品可使用於上述食品以外之其他加工食品；用量以SO2殘留量計為0.030 g/kg以下。但飲料（不包括果汁）、麵粉及其製品（不包括烘焙食品）不得使用。",,(四) 漂白劑
58,偏亞硫酸氫鉀,Potassium Metabisulfite,"1.本品可使用於金針乾製品；用量以SO2殘留量計為4.0g/kg以下。 
2.本品可用於杏乾；用量以SO2殘留量計為2.0 g/kg以下。 
3.本品可使用於白葡萄乾；用量以SO2殘留量計為1.5 g/kg以下。 
4.本品可使用於動物膠、脫水蔬菜及其他脫水水果；用量以SO2殘留量計為0.50 g/kg以下。 
5.本品可使用於糖蜜及糖飴；用量以SO2殘留量計為0.30 g/kg以下。
6.本品可使用於食用樹薯澱粉；用量以SO2殘留量計為0.15 g/kg以下。
7.本品可使用於糖漬果實類、蝦類及貝類；用量以SO2殘留量計為0.10 g/kg以下。 
8.本品可使用於蒟蒻：非直接供食用之蒟蒻原料，用量以SO2殘留量計為0.90 g/kg以下；直接供食用之蒟蒻製品，用量以SO2殘留量計為0.030 g/kg以下。
9.本品可使用於上述食品以外之其他加工食品；用量以SO2殘留量計為0.030 g/kg以下。但飲料（不包括果汁）、麵粉及其製品（不包括烘焙食品）不得使用。",,(四) 漂白劑
59,亞硫酸氫鉀,Potassium Bisulfite,"1.本品可使用於金針乾製品；用量以SO2殘留量計為4.0g/kg以下。 
2.本品可用於杏乾；用量以SO2殘留量計為2.0 g/kg以下。 
3.本品可使用於白葡萄乾；用量以SO2殘留量計為1.5 g/kg以下。 
4.本品可使用於動物膠、脫水蔬菜及其他脫水水果；用量以SO2殘留量計為0.50 g/kg以下。 
5.本品可使用於糖蜜及糖飴；用量以SO2殘留量計為0.30 g/kg以下。
6.本品可使用於食用樹薯澱粉；用量以SO2殘留量計為0.15 g/kg以下。
7.本品可使用於糖漬果實類、蝦類及貝類；用量以SO2殘留量計為0.10 g/kg以下。 
8.本品可使用於蒟蒻：非直接供食用之蒟蒻原料，用量以SO2殘留量計為0.90 g/kg以下；直接供食用之蒟蒻製品，用量以SO2殘留量計為0.030 g/kg以下。
9.本品可使用於上述食品以外之其他加工食品；用量以SO2殘留量計為0.030 g/kg以下。但飲料（不包括果汁）、麵粉及其製品（不包括烘焙食品）不得使用。",,(四) 漂白劑
60,偏亞硫酸氫鈉,Sodium Metabisulfite,"1.本品可使用於金針乾製品；用量以SO2殘留量計為4.0g/kg以下。 
2.本品可用於杏乾；用量以SO2殘留量計為2.0 g/kg以下。 
3.本品可使用於白葡萄乾；用量以SO2殘留量計為1.5 g/kg以下。 
4.本品可使用於動物膠、脫水蔬菜及其他脫水水果；用量以SO2殘留量計為0.50 g/kg以下。 
5.本品可使用於糖蜜及糖飴；用量以SO2殘留量計為0.30 g/kg以下。
6.本品可使用於食用樹薯澱粉；用量以SO2殘留量計為0.15 g/kg以下。
7.本品可使用於糖漬果實類、蝦類及貝類；用量以SO2殘留量計為0.10 g/kg以下。 
8.本品可使用於蒟蒻：非直接供食用之蒟蒻原料，用量以SO2殘留量計為0.90 g/kg以下；直接供食用之蒟蒻製品，用量以SO2殘留量計為0.030 g/kg以下。
9.本品可使用於上述食品以外之其他加工食品；用量以SO2殘留量計為0.030 g/kg以下。但飲料（不包括果汁）、麵粉及其製品（不包括烘焙食品）不得使用。",,(四) 漂白劑
61,過氧化苯甲醯,Benzoyl Peroxide,"1.	本品可於乳清之加工過程中視實際需要適量使用。 
2.	本品可使用於乾酪之加工；用量為20mg/kg以下（以牛奶重計）。",,(四) 漂白劑
62,亞硝酸鉀,Potassium Nitrite,"1.本品可使用於肉製品及魚肉製品；用量以NO2殘留量計為0.07 g/kg以下。         
2.本品可使用於鮭魚卵製品及鱈魚卵製品；用量以NO2殘留量計為0.0050 g/kg以下。",生鮮肉類、生鮮魚肉類及生鮮魚卵不得使用。,(五) 保色劑
63,亞硝酸鈉,Sodium Nitrite,"1.本品可使用於肉製品及魚肉製品；用量以NO2殘留量計為0.07 g/kg以下。         
2.本品可使用於鮭魚卵製品及鱈魚卵製品；用量以NO2殘留量計為0.0050 g/kg以下。",生鮮肉類、生鮮魚肉類及生鮮魚卵不得使用。,(五) 保色劑
64,硝酸鉀,Potassium Nitrate,"1.本品可使用於肉製品及魚肉製品；用量以NO2殘留量計為0.07 g/kg以下。         
2.本品可使用於鮭魚卵製品及鱈魚卵製品；用量以NO2殘留量計為0.0050 g/kg以下。",生鮮肉類、生鮮魚肉類及生鮮魚卵不得使用。,(五) 保色劑
65,硝酸鈉,Sodium Nitrate,"1.本品可使用於肉製品及魚肉製品；用量以NO2殘留量計為0.07 g/kg以下。         
2.本品可使用於鮭魚卵製品及鱈魚卵製品；用量以NO2殘留量計為0.0050 g/kg以下。",生鮮肉類、生鮮魚肉類及生鮮魚卵不得使用。,(五) 保色劑
66,鉀明礬,Potassium Alum,本品可於各類食品中視實際需要適量使用,限於食品製造或加工必須時使用。,(六) 膨脹劑
67,鈉明礬,Sodium Alum,本品可於各類食品中視實際需要適量使用。,限於食品製造或加工必須時使用。,(六) 膨脹劑
68,燒鉀明礬,Burnt Potassium Alum,本品可於各類食品中視實際需要適量使用。,限於食品製造或加工必須時使用。,(六) 膨脹劑
69,銨明礬,Ammonium Alum,本品可於各類食品中視實際需要適量使用。,限於食品製造或加工必須時使用。,(六) 膨脹劑
70,燒銨明礬,Burnt Ammonium Alum,本品可於各類食品中視實際需要適量使用。,限於食品製造或加工必須時使用。,(六) 膨脹劑
71,氯化銨,Ammonium Chloride,本品可於各類食品中視實際需要適量使用。,限於食品製造或加工必須時使用。,(六) 膨脹劑
72,酒石酸氫鉀,Potassium Bitartrate,本品可於各類食品中視實際需要適量使用,限於食品製造或加工必須時使用。,(六) 膨脹劑
73,碳酸氫鈉,Sodium Bicarbonate,本品可於各類食品中視實際需要適量使用。,限於食品製造或加工必須時使用。,(六) 膨脹劑
74,碳酸銨,Ammonium Carbonate,本品可於各類食品中視實際需要適量使用。,限於食品製造或加工必須時使用。,(六) 膨脹劑
75,碳酸氫銨,Ammonium Bicarbonate,本品可於各類食品中視實際需要適量使用。,限於食品製造或加工必須時使用。,(六) 膨脹劑
76,碳酸鉀,Potassium Carbonate,本品可於各類食品中視實際需要適量使用。,限於食品製造或加工必須時使用。,(六) 膨脹劑
77,合成膨脹劑,Baking Powder,本品可於各類食品中視實際需要適量使用。,限於食品製造或加工必須時使用。,(六) 膨脹劑
78,酸式磷酸鋁鈉,Sodium Aluminum Phosphate，Acidic,本品可於各類食品中視實際需要適量使用。,限於食品製造或加工必須時使用。,(六) 膨脹劑
79,燒鈉明礬,Burnt Sodium Alum,本品可於各類食品中視實際需要適量使用。,限於食品製造或加工必須時使用。,(六) 膨脹劑
80,氯化鈣,Calcium Chloride,本品可使用於各類食品；用量以Ca計為10g/kg以下。,限於食品製造或加工必須時使用。,(七) 品質改良用、釀造用及食品製造用劑
81,氫氧化鈣,Calcium Hydroxide,本品可使用於各類食品；用量以Ca計為10g/kg以下。,限於食品製造或加工必須時使用。,(七) 品質改良用、釀造用及食品製造用劑
82,硫酸鈣,Calcium Sulfate,本品可使用於各類食品；用量以Ca計為10g/kg以下。,限於食品製造或加工必須時使用。,(七) 品質改良用、釀造用及食品製造用劑
83,葡萄糖酸鈣,Calcium Gluconate,本品可使用於各類食品；用量以Ca計為10g/kg以下。,限於食品製造或加工必須時使用。,(七) 品質改良用、釀造用及食品製造用劑
84,檸檬酸鈣,Calcium Citrate,本品可使用於各類食品；用量以Ca計為10g/kg 以下。,限於食品製造或加工必須時使用。,(七) 品質改良用、釀造用及食品製造用劑
85,磷酸二氫鈣,Calcium Dihydrogen Phosphate,本品可使用於各類食品；用量以Ca計為10g/kg以下。,限於食品製造或加工必須時使用。,(七) 品質改良用、釀造用及食品製造用劑
86,磷酸氫鈣,Calcium Phosphate，Dibasic,本品可使用於各類食品；用量以Ca計為10g/kg以下。,限於食品製造或加工必須時使用。,(七) 品質改良用、釀造用及食品製造用劑
87,磷酸氫鈣（無水）,Calcium Phosphate，Dibasic(Anhydrous),本品可使用於各類食品；用量以Ca計為10g/kg以下。,限於食品製造或加工必須時使用。,(七) 品質改良用、釀造用及食品製造用劑
88,磷酸鈣,Calcium Phosphate，Tribasic,本品可使用於各類食品；用量以Ca計為10g/kg以下。,限於食品製造或加工必須時使用。,(七) 品質改良用、釀造用及食品製造用劑
89,酸性焦磷酸鈣,Calcium Dihydrogen Pyrophosphate,本品可使用於各類食品；用量以Ca計為10g/kg以下。,限於食品製造或加工必須時使用。,(七) 品質改良用、釀造用及食品製造用劑
90,甘油醇磷酸鈣,Calcium Glycerophosphate,本品可使用於各類食品；用量以Ca計為10g/kg以下。,限於食品製造或加工必須時使用。,(七) 品質改良用、釀造用及食品製造用劑
91,乳酸鈣,Calcium Lactate,本品可使用於各類食品；用量以Ca計為10g/kg以下。,限於食品製造或加工必須時使用。,(七) 品質改良用、釀造用及食品製造用劑
92,硬脂酸乳酸鈣,Calcium Stearoyl Lactylate,本品可使用於各類食品；用量以Ca計為10g/kg以下。,限於食品製造或加工必須時使用。,(七) 品質改良用、釀造用及食品製造用劑
93,碳酸鈣,Calcium Carbonate,"1.	本品可於口香糖及泡泡糖中視實際需要適量使用。 

2.	本品可使用於口香糖及泡泡糖以外之其他食品；用量以Ca計為10g/kg以下。",限於食品製造或加工必須時使用。,(七) 品質改良用、釀造用及食品製造用劑
94,碳酸銨,Ammonium Carbonate,本品可於各類食品中視為實際需要適量使用。,限於食品製造或加工必須時使用。,(七) 品質改良用、釀造用及食品製造用劑
95,碳酸鉀,Potassium Carbonate,本品可於各類食品中視為實際需要適量使用。,限於食品製造或加工必須時使用。,(七) 品質改良用、釀造用及食品製造用劑
96,碳酸鈉、無水碳酸鈉,"Sodium Carbonate ; Sodium Carbonate , Anhydrous",本品可於各類食品中視為實際需要適量使用。,限於食品製造或加工必須時使用。,(七) 品質改良用、釀造用及食品製造用劑
97,碳酸鎂,Magnesium Carbonate,本品可使用於各類食品；用量為5g/kg以下。,限於食品製造或加工必須時使用。,(七) 品質改良用、釀造用及食品製造用劑
98,硫酸銨,Ammonium Sulfate,本品可於各類食品中視為實際需要適量使用。,限於食品製造或加工必須時使用。,(七) 品質改良用、釀造用及食品製造用劑
99,硫酸鈉,Sodium Sulfate,本品可於各類食品中視為實際需要適量使用。,限於食品製造或加工必須時使用。,(七) 品質改良用、釀造用及食品製造用劑
100,硬脂酸鎂,Magnesium Stearate,本品可於各類食品中視為實際需要適量使用。,限於食品製造或加工必須時使用。,(七) 品質改良用、釀造用及食品製造用劑
101,硫酸鎂,Magnesium Sulfate,本品可於各類食品中視為實際需要適量使用。,限於食品製造或加工必須時使用。,(七) 品質改良用、釀造用及食品製造用劑
102,氯化鎂,Magnesium Chloride,本品可於各類食品中視為實際需要適量使用。,限於食品製造或加工必須時使用。,(七) 品質改良用、釀造用及食品製造用劑
103,磷酸二氫銨,Ammonium Phosphate，Monobasic,本品可使用於各類食品；用量以Phosphate計為3g/kg以下。,限於食品製造或加工必須時使用。,(七) 品質改良用、釀造用及食品製造用劑
104,磷酸氫二銨,Ammonium Phosphate，Dibasic,本品可使用於各類食品；用量以Phosphate計為3g/kg以下。,限於食品製造或加工必須時使用。,(七) 品質改良用、釀造用及食品製造用劑
105,磷酸二氫鉀,Potassium Dihydrogen Phosphate,本品可使用於各類食品；用量以Phosphate計為3g/kg以下。,限於食品製造或加工必須時使用。,(七) 品質改良用、釀造用及食品製造用劑
106,磷酸氫二鉀,Potassium Phosphate，Dibasic,本品可使用於各類食品；用量以Phosphate計為3g/kg以下。,限於食品製造或加工必須時使用。,(七) 品質改良用、釀造用及食品製造用劑
107,磷酸鉀,Potassium Phosphate，Tribasic,本品可使用於各類食品；用量以Phosphate計為3g/kg以下。,限於食品製造或加工必須時使用。,(七) 品質改良用、釀造用及食品製造用劑
108,磷酸二氫鈉,Sodium Dihydrogen Phosphate,本品可使用於各類食品；用量以Phosphate計為3g/kg以下。,限於食品製造或加工必須時使用。,(七) 品質改良用、釀造用及食品製造用劑
109,磷酸氫二鈉,"Sodium Phosphate , Dibasic",本品可使用於各類食品；用量以Phosphate計為3g/kg以下。,限於食品製造或加工必須時使用。,(七) 品質改良用、釀造用及食品製造用劑
110,磷酸氫二鈉（無水）,"Sodium Phosphate , Dibasic（Anhydrous）",本品可使用於各類食品；用量以Phosphate計為3g/kg以下。,限於食品製造或加工必須時使用。,(七) 品質改良用、釀造用及食品製造用劑
111,磷酸鈉,Sodium Phosphate， Tribasic,本品可使用於各類食品；用量以Phosphate 計為3g/kg 以下。,限於食品製造或加工必須時使用。,(七) 品質改良用、釀造用及食品製造用劑
112,偏磷酸鉀,Potassium Metaphosphate,本品可使用於各類食品；用量以Phosphate計為3g/kg以下。,限於食品製造或加工必須時使用。,(七) 品質改良用、釀造用及食品製造用劑
113,偏磷酸鈉,Sodium Metaphosphate,本品可使用於各類食品；用量以Phosphate計為3g/kg以下。,限於食品製造或加工必須時使用。,(七) 品質改良用、釀造用及食品製造用劑
114,多磷酸鉀,Potassium Polyphosphate,本品可使用於各類食品；用量以Phosphate計為3g/kg以下。,限於食品製造或加工必須時使用。,(七) 品質改良用、釀造用及食品製造用劑
115,多磷酸鈉,Sodium Polyphosphate,本品可使用於各類食品；用量以Phosphate計為3g/kg以下。,限於食品製造或加工必須時使用。,(七) 品質改良用、釀造用及食品製造用劑
116,醋酸鈉； 醋酸鈉（無水）,Sodium Acetate；  Sodium Acetate（Anhydrous）,本品可於各類食品中視實際需要適量使用。,限於食品製造或加工必須時使用。,(七) 品質改良用、釀造用及食品製造用劑
117,甘油,Glycerol,本品可於各類食品中視實際需要適量使用。,限於食品製造或加工必須時使用。,(七) 品質改良用、釀造用及食品製造用劑
118,乳酸硬脂酸鈉,Sodium Stearyl 2- Lactylate,本品可於各類食品中視實際需要適量使用。,限於食品製造或加工必須時使用。,(七) 品質改良用、釀造用及食品製造用劑
119,皂土,Bentonite,本品可使用於各類食品；於食品中殘留量應在5g/kg以下。,限於食品製造或加工必須時使用。,(七) 品質改良用、釀造用及食品製造用劑
120,矽酸鋁,Aluminum Silicate,"1.本品可於膠囊狀、錠狀食品中視實際需要適量使用。
2.本品可使用於其他各類食品；於食品中殘留量應在5 g/kg以下。",限於食品製造或加工必須時使用。,(七) 品質改良用、釀造用及食品製造用劑
121,矽藻土,Diatomaceous Earth,"1.本品可使用於各類食品；於食品中殘留量應在5 g/kg以下。
2.本品可使用於餐飲業用油炸油之助濾，用量為0.1%以下。","1.限於食品製造或加工必須時使用。 
2.餐飲業使用於經油炸後直接供食用之油脂助濾時，應置於濾紙上供油炸油過濾使用，不得直接添加於油炸油中，並不得重複使用。",(七) 品質改良用、釀造用及食品製造用劑
122,滑石粉,Talc,"1.本品可於膠囊狀、錠狀食品中視實際需要適量使用。
2.本品可使用於其他各類食品；於食品中殘留量應在5g/kg以下。但口香糖及泡泡糖僅使用滑石粉而未同時使用皂土、矽酸鋁及矽藻土時為50g/kg以下。",限於食品製造或加工必須時使用。,(七) 品質改良用、釀造用及食品製造用劑
123,L-半胱胺酸鹽酸鹽,L-Cysteine Monohydrochloride,本品可於麵包及果汁中視實際需要適量使用。,限於食品製造或加工必須時使用。,(七) 品質改良用、釀造用及食品製造用劑
124,亞鐵氰化鈉,Sodium Ferrocyanide,本品可使用於食鹽；用量以Anhydrous Sodium Ferrocyanide計為13mg/kg以下。,限於食品製造或加工必須時使用。,(七) 品質改良用、釀造用及食品製造用劑
125,矽酸鈣,Calcium Silicate,"1.	本品可使用於合成膨脹劑；用量為5％以下。 
2.	本品可使用於其他食品；用量為2.0％以下。",限於食品製造或加工必須時使用。,(七) 品質改良用、釀造用及食品製造用劑
126,矽鋁酸鈉,Sodium Silicoaluminate,本品可於各類食品中視實際需要適量使用。,限於食品製造或加工必須時使用。,(七) 品質改良用、釀造用及食品製造用劑
127,乙烯二胺四醋酸二鈉或乙烯二胺四醋酸二鈉鈣,EDTA Na2 or EDTA CaNa2,"1.本品可使用於非酒精性飲料；用量以EDTA CaNa2計為25ppm以下。 

2.本品可使用於熱殺菌包裝食品；用量以 EDTA CaNa2計為250ppm以下。 

3.本品可使用於乳化食品及複合維生素調製品；用量以 EDTA CaNa2計為150ppm以下。 

4.	本品可使用於為防止褐變之食品；用量以 EDTA CaNa2計為350ppm以下（以乾重計）。",EDTA Na2於最終食品完成前必須與鈣離子結合成 EDTA CaNa2。,(七) 品質改良用、釀造用及食品製造用劑
128,二氧化矽,Silicon Dioxide,"1.本品可於膠囊狀、錠狀食品中視實際需要適量使用。
2.本品可使用於其他各類食品；用量為2.0％以下。",限於食品製造或加工必須時使用。,(七) 品質改良用、釀造用及食品製造用劑
129,氧化鈣,Calcium Oxide,本品可使用於各類食品；用量以Ca計為10g/kg以下。,限於食品製造或加工必須時使用。,(七) 品質改良用、釀造用及食品製造用劑
130,碳酸氫鉀,Potassium Bicarbonate,本品可於各類食品中視實際需要適量使用。,限於食品製造或加工必須時使用。,(七) 品質改良用、釀造用及食品製造用劑
131,木松香甘油酯,Glycerol Ester of Wood Rosin,"1.本品可於口香糖及泡泡糖中視實際需要適量使用。 

2.本品可使用於飲料加工用之柑桔油；用量以飲料中之最終含量計為100ppm以下。",,(七) 品質改良用、釀造用及食品製造用劑
132,石油蠟,Petroleum Wax,"1.本品可於口香糖及泡泡糖中視實際需要適量使用。 

2.本品可使用於香辛料微囊；用量為50％以下。",,(七) 品質改良用、釀造用及食品製造用劑
133,米糠蠟,Rice Bran Wax,"1.本品可於口香糖及泡泡糖中視實際需要適量使用。 

2.本品可使用於糖果及鮮果菜；用量為50ppm以下。",使用於糖果及鮮果菜時限為表皮被膜用。,(七) 品質改良用、釀造用及食品製造用劑
134,硬脂酸,Stearic Acid,本品可於各類食品中視實際需要適量使用。,限於食品製造或加工必須時使用。,(七) 品質改良用、釀造用及食品製造用劑
135,己二酸,Adipic Acid,本品可於各類食品中視實際需要適量使用。,限於食品製造或加工必須時使用。,(七) 品質改良用、釀造用及食品製造用劑
136,硫酸鋁,Aluminum Sulfate,本品可於各類食品中視實際需要適量使用。,限於食品製造中質地改良用。,(七) 品質改良用、釀造用及食品製造用劑
137,珍珠岩粉,Perlite,"1.本品可使用於各類食品；食品中殘留量應在5g/kg以下。

2.本品可使用於餐飲業用油炸油之助濾，用量為0.2%以下。","1.限於食品製造中助濾用。

2.餐飲業使用於經油炸後直接供食用之油脂助濾時，應置於濾紙上供油炸油過濾使用，不得直接添加於油炸油中，並不得重複使用。",(七) 品質改良用、釀造用及食品製造用劑
138,硬脂酸鈉,Sodium Stearate,本品可於各類食品中視實際需要適量使用。,限於食品製造或加工必須時使用。,(七) 品質改良用、釀造用及食品製造用劑
139,硬脂酸鉀,Potassium Stearate,本品可於各類食品中視實際需要適量使用。,限於食品製造或加工必須時使用。,(七) 品質改良用、釀造用及食品製造用劑
140,羥丙基纖維素,Hydroxypropyl Cellulose,本品可於各類食品中視實際需要適量使用。,限於食品製造或加工必須時使用。,(七) 品質改良用、釀造用及食品製造用劑
141,羥丙基甲基纖維素,Hydroxypropyl Methylcellulose（Propylene Glycol Ether of Methylcellulose）,本品可於各類食品中視實際需要適量使用。,限於食品製造或加工必須時使用。,(七) 品質改良用、釀造用及食品製造用劑
142,聚糊精,Polydextrose,本品可於各類食品中視實際需要適量使用。,一次食用量中本品含量超過15公克之食品，應顯著標示「過量食用對敏感者易引起腹瀉」。,(七) 品質改良用、釀造用及食品製造用劑
143,食用石膏,Food Gypsum,本品可使用於豆花、豆腐及其製品；用量以Ca計為10g/kg以下。,,(七) 品質改良用、釀造用及食品製造用劑
144,酸性白土,Acid Clay,本品可使用於油脂之精製；於油脂中之殘留量應在1.0g/kg以下。,,(七) 品質改良用、釀造用及食品製造用劑
145,酸性焦磷酸鈉,Disodium Dihydrogen Pyrophosphate,本品可使用於各類食品；用量以Phosphate計為3g/kg以下。,限於食品製造或加工必須時使用。,(七) 品質改良用、釀造用及食品製造用劑
146,棕櫚蠟,Carnauba Wax,"1.本品可於糖果（包括口香糖及巧克力）、膠囊狀及錠狀食品中視實際需要適量使用。
2.本品可用於新鮮柑橘類、瓜類、蘋果、梨、桃、鳳梨、石榴、芒果、酪梨、木瓜之水果，用量為200 mg/kg以下。",,(七) 品質改良用、釀造用及食品製造用劑
147,焦磷酸鉀,Potassium Pyrophosphate,本品可使用於各類食品；用量以Phosphate計為3g/kg以下。,限於食品製造或加工必須時使用。,(七) 品質改良用、釀造用及食品製造用劑
148,焦磷酸鈉,Sodium Pyrophosphate,本品可使用於各類食品；用量以Phosphate計為3g/kg以下。,限於食品製造或加工必須時使用。,(七) 品質改良用、釀造用及食品製造用劑
149,焦磷酸鈉（無水）,Sodium Pyrophosphate (Anhydrous),本品可使用於各類食品；用量以Phosphate計為3g/kg以下。,限於食品製造或加工必須時使用。,(七) 品質改良用、釀造用及食品製造用劑
150,三偏磷酸鈉,Sodium Trimetaphosphate,本品可使用於米製品、澱粉製品及麵粉製品；用量以Phosphate計為3g/kg以下。,限於食品製造或加工必須時使用。,(七) 品質改良用、釀造用及食品製造用劑
151,（尿素）胺甲醯胺,（Urea）Carbamide,本品可使用於口香糖或泡泡糖；用量為30g/kg以下。,限於食品製造或加工必須時使用。,(七) 品質改良用、釀造用及食品製造用劑
152,偶氮二甲醯胺,Azodicarbonamide,本品可使用於麵粉；用量為45mg/kg以下。,限於食品製造或加工必須時使用。,(七) 品質改良用、釀造用及食品製造用劑
153,過氧化苯甲醯,Benzoyl Peroxide,本品可使用於麵粉；用量為60mg/kg以下。,限於食品製造或加工必須時使用。,(七) 品質改良用、釀造用及食品製造用劑
154,交聯羧甲基纖維素鈉,（Cross-Linked Sodium Carboxymethyl Cellulose）,本品可使用於錠狀食品；用量為50 g/kg以下。,,(七) 品質改良用、釀造用及食品製造用劑
155,聚麩胺酸鈉,Sodium γ-Polyglutamate,"1.	本品可使用於麵條；用量為2％以下。
2.	本品可使用於烘焙食品及豆乾；用量為0.5％以下。
3.	本品可使用於粉圓及魚板；用量為0.1％以下。
4.	本品可使用於仙草；用量為0.05％以下。
5.	本品可使用於發酵乳；用量為0.13％以下。
6.	本品可使用於豆腐；用量為0.1％以下。
7.	本品可使用於蛋製品；用量為0.4％以下。
8.	本品可使用於米食；用量為0.1％以下。",限於食品製造或加工必須時使用。,(七) 品質改良用、釀造用及食品製造用劑
156,聚乙烯吡咯烷酮,Polyvinylpyrrolidone,本品可使用於錠狀食品；用量為5％以下。,,(七) 品質改良用、釀造用及食品製造用劑
157,硬脂酸鈣,(Calcium Stearate),本品可用於各類食品中視實際需要適量使用。,限於食品製造或加工必須時使用。,(七) 品質改良用、釀造用及食品製造用劑
158,亞鐵氰化鉀,Potassium Ferrocyanide,本品可使用於食鹽；用量以Anhydrous Sodium Ferrocyanide計為13mg/kg以下。,限於食品製造或加工必須時使用。,(七) 品質改良用、釀造用及食品製造用劑
159,亞鐵氰化鈣,Calcium Ferrocyanide,本品可使用於食鹽；用量以Anhydrous Sodium Ferrocyanide計為13mg/kg以下。,限於食品製造或加工必須時使用。,(七) 品質改良用、釀造用及食品製造用劑
160,蓖麻油,Castor Oil,本品可使用於膠囊狀、錠狀食品；用量為1 g/kg以下。,限於食品製造或加工必須時使用。,(七) 品質改良用、釀造用及食品製造用劑
161,二氧化碳,Carbon Dioxide,本品可於各類食品中視實際需要適量使用。,限於食品製造或加工必須時使用。,(七) 品質改良用、釀造用及食品製造用劑
162,氮氣,Nitrogen,本品可於各類食品中視實際需要適量使用。,限作為包裝用氣體、推進用氣體及起泡劑使用,(七) 品質改良用、釀造用及食品製造用劑
163,活化酸性白土,Activated Acid Clay,本品可使用於油脂之精製；於油脂中之殘留量應在1.0g/kg以下。,,(七) 品質改良用、釀造用及食品製造用劑
164,檸檬酸三乙酯,Triethyl citrate,本品可使用於膠囊狀、錠狀食品；用量為3.5 g/kg以下。,限於食品製造或加工必須時使用。,(七) 品質改良用、釀造用及食品製造用劑
165,D-山梨醇,D-Sorbitol,本品可於各類食品中視實際需要適量使用。,"1.限於食品製造或加工必須時使用。
2. 嬰兒食品不得使用。",(七) 品質改良用、釀造用及食品製造用劑
166,D-山梨醇液70％,D-Sorbitol Solution 70％,本品可於各類食品中視實際需要適量使用。,"1. 限於食品製造或加工必須時使用。
2. 嬰兒食品不得使用。",(七) 品質改良用、釀造用及食品製造用劑
167,木糖醇,Xylitol,本品可於各類食品中視實際需要適量使用。,"1. 限於食品製造或加工必須時使用。
2. 嬰兒食品不得使用。",(七) 品質改良用、釀造用及食品製造用劑
168,D-甘露醇,D-Mannitol,本品可於各類食品中視實際需要適量使用。,"1. 限於食品製造或加工必須時使用。
2. 嬰兒食品不得使用。",(七) 品質改良用、釀造用及食品製造用劑
169,麥芽糖醇,Maltitol,本品可於各類食品中視實際需要適量使用。,"1. 限於食品製造或加工必須時使用。
2. 嬰兒食品不得使用。",(七) 品質改良用、釀造用及食品製造用劑
170,麥芽糖醇糖漿,Maltitol Syrup,本品可於各類食品中視實際需要適量使用。,"1. 限於食品製造或加工必須時使用。
2. 嬰兒食品不得使用。",(七) 品質改良用、釀造用及食品製造用劑
171,異麥芽酮糖醇（巴糖醇）,Isomalt (Hydrogenated Palatinose),本品可於各類食品中視實際需要適量使用。,"1. 限於食品製造或加工必須時使用。
2. 嬰兒食品不得使用。",(七) 品質改良用、釀造用及食品製造用劑
172,乳糖醇,Lactitol,本品可於各類食品中視實際需要適量使用。,"1. 限於食品製造或加工必須時使用。
2. 嬰兒食品不得使用。",(七) 品質改良用、釀造用及食品製造用劑
173,赤藻糖醇,Erythritol,本品可於各類食品中視實際需要適量使用。,,(七) 品質改良用、釀造用及食品製造用劑
174,一氧化二氮,Nitrous oxide,本品可於各類食品中視實際需要適量使用。,限於食品製造或加工必需時使用。,(七) 品質改良用、釀造用及食品製造用劑
175,L-5-甲基四氫葉酸鈣,Calcium L-5-Methyltetrahydrofolate,"1.形態屬膠囊狀、錠狀且標示有每日食用限量之食品，在每日食用量中，其葉酸之總含量不得高於800 μg。
2.其他一般食品，在每日食用量或每300 g食品(未標示每日食用量者)中，其葉酸之總含量不得高於600 μg。
3.嬰兒(輔助)食品，在每日食用量或每300 g食品(未標示每日食用量者)中，其葉酸之總含量不得高於225 μg。",限於補充食品中不足之營養素時使用。,(八) 營養添加劑
176,番茄紅素(來自Blakeslea trispora),Lycopene from Blakeslea trispora,型態屬膠囊狀、錠狀且標示有每日食用限量之食品，在每日食用量中，其lycopene之總含量不得高於20 mg。,限於補充食品中不足之營養素時使用。,(八) 營養添加劑
177,氟化鉀,Potassium Fluoride,本品可用於家庭用食鹽，用量以氟離子計為200 ppm以下。,"1. 限用於重量1,000克以下，具完整包裝之家庭用食鹽。
2. 不得同時添加氟化鈉。
3. 添加氟化鉀之食鹽產品，應符合相關標示規範。",(八) 營養添加劑
178,氟化鈉,Sodium Fluoride,本品可用於家庭用食鹽，用量以氟離子計為200 ppm以下。,"1. 限用於重量1,000克以下，具完整包裝之家庭用食鹽。
2. 不得同時添加氟化鉀。
3. 添加氟化鈉之食鹽產品，應符合相關標示規範。",(八) 營養添加劑
179,亞鐵磷酸銨,Ferrous ammonium phosphate,"1.一般食品，在每日食用量或每300 g食品（未標示每日食用量者）中，其鐵之總含量不得高於22.5 mg。
2.本品可於特殊營養食品中視實際需要適量使用。","1.限於補充食品中不足之營養素時使用。
2.尚未准予用於嬰兒 (輔助)食品。",(八) 營養添加劑
180,乙烯二胺四醋酸鐵鈉,"Ferric Sodium EDTA, EDTA FeNa",本品可使用於一般食品中以補充不足之營養素。在每日食用量中或每300 g食品(未標示每日食用量者)中，其鐵之總含量不得高於22.5 mg；其EDTA之總含量不得高於75 mg。,"1.限於補充食品中不足之營養素時使用。
2.尚未准予用於嬰兒(輔助)食品。",(八) 營養添加劑
181,維生素Ａ粉末,Vitamin Ａ（dry form）,"1.形態屬膠囊狀、錠狀且標示有每日食用限量之食品，在每日食用量中，其維生素A之總含量不得高於10000I.U.（3000μg R.E.）。
2.其他一般食品，在每日食用量或每300g食品(未標示每日食用量者)中，其維生素A之總含量不得高於1050μg R.E.。
3.嬰兒(輔助)食品，在每日食用量或每300g食品(未標示每日食用量者)中，其維生素A之總含量不得高於600μg R.E.。",限於補充食品中不足之營養素時使用。,(八) 營養添加劑
182,維生素Ａ油溶液,Vitamin A Oil,"1.形態屬膠囊狀、錠狀且標示有每日食用限量之食品，在每日食用量中，其維生素A之總含量不得高於10000 I.U.（3000μg R.E.）。
2.其他一般食品，在每日食用量或每300g食品(未標示每日食用量者)中，其維生素A之總含量不得高於1050μg R.E.。
3.嬰兒(輔助)食品，在每日食用量或每300g食品(未標示每日食用量者)中，其維生素A之總含量不得高於600μg R.E.。",限於補充食品中不足之營養素時使用。,(八) 營養添加劑
183,維生素Ａ脂肪酸酯油溶液,Vitamin A Fatty Acid Ester，in Oil,"1.形態屬膠囊狀、錠狀且標示有每日食用限量之食品，在每日食用量中，其維生素A之總含量不得高於10000 I.U.（3000μg R.E.）。
2.其他一般食品，在每日食用量或每300g食品(未標示每日食用量者)中，其維生素A之總含量不得高於1050μg R.E.。
3.嬰兒(輔助)食品，在每日食用量或每300g食品(未標示每日食用量者)中，其維生素A之總含量不得高於600μg R.E.。",限於補充食品中不足之營養素時使用。,(八) 營養添加劑
184,鹽酸硫胺明（維生素Ｂ1，鹽酸色噻胺）,Thiamine Hydrochloride（Vitamin B1）,"1.形態屬膠囊狀、錠狀且標示有每日食用限量之食品，在每日食用量中，其維生素Ｂ1之總含量不得高於50mg。
2.其他一般食品，在每日食用量或每300g食品(未標示每日食用量者)中，其維生素Ｂ1之總含量不得高於1.95mg。
3.嬰兒(輔助)食品，在每日食用量或每300g食品(未標示每日食用量者)中，其維生素Ｂ1之總含量不得高於0.9mg。",限於補充食品中不足之營養素時使用。,(八) 營養添加劑
185,硝酸硫胺明（維生素B1，硝酸噻胺）,Thiamine Mononitrate（Vitamin B1）,"1.形態屬膠囊狀、錠狀且標示有每日食用限量之食品，在每日食用量中，其維生素Ｂ1之總含量不得高於50mg。
2.其他一般食品，在每日食用量或每300g食品(未標示每日食用量者)中，其維生素Ｂ1之總含量不得高於1.95mg。
3.嬰兒(輔助)食品，在每日食用量或每300g食品(未標示每日食用量者)中，其維生素Ｂ1之總含量不得高於0.9mg。",限於補充食品中不足之營養素時使用。,(八) 營養添加劑
186,苯甲醯硫胺明（維生素B1，苯甲醯噻胺）,Dibenzoyl Thiamine（Vitamin B1）,"1.形態屬膠囊狀、錠狀且標示有每日食用限量之食品，在每日食用量中，其維生素Ｂ1之總含量不得高於50mg。
2.其他一般食品，在每日食用量或每300g食品(未標示每日食用量者)中，其維生素Ｂ1之總含量不得高於1.95mg。
3.嬰兒(輔助)食品，在每日食用量或每300g食品(未標示每日食用量者)中，其維生素Ｂ1之總含量不得高於0.9mg。",限於補充食品中不足之營養素時使用。,(八) 營養添加劑
187,鹽酸苯甲醯硫胺明（維生素B1，鹽酸苯甲醯噻胺）,Dibenzoyl Thiamine Hydrochloride（Vitamin B1）,"1.形態屬膠囊狀、錠狀且標示有每日食用限量之食品，在每日食用量中，其維生素Ｂ1之總含量不得高於50mg。
2.其他一般食品，在每日食用量或每300g食品(未標示每日食用量者)中，其維生素Ｂ1之總含量不得高於1.95mg。
3.嬰兒(輔助)食品，在每日食用量或每300g食品(未標示每日食用量者)中，其維生素Ｂ1之總含量不得高於0.9mg。",限於補充食品中不足之營養素時使用。,(八) 營養添加劑
188,核黃素（維生素Ｂ2）,Riboflavin,"1.形態屬膠囊狀、錠狀且標示有每日食用限量之食品，在每日食用量中，其維生素Ｂ2之總含量不得高於100mg。
2.其他一般食品，在每日食用量或每300g食品(未標示每日食用量者)中，其維生素Ｂ2之總含量不得高於2.25mg。
3.嬰兒(輔助)食品，在每日食用量或每300g食品(未標示每日食用量者)中，其維生素Ｂ2之總含量不得高於1.05mg。",限於補充食品中不足之營養素時使用。,(八) 營養添加劑
189,核黃素磷酸鈉（維生素B2）,Riboflavin Phosphate，Sodium  （Vitamin B2）,"1.形態屬膠囊狀、錠狀且標示有每日食用限量之食品，在每日食用量中，其維生素Ｂ2之總含量不得高於100mg。
2.其他一般食品，在每日食用量或每300g食品(未標示每日食用量者)中，其維生素Ｂ2之總含量不得高於2.25mg。
3.嬰兒(輔助)食品，在每日食用量或每300g食品(未標示每日食用量者)中，其維生素Ｂ2之總含量不得高於1.05mg。",限於補充食品中不足之營養素時使用。,(八) 營養添加劑
190,鹽酸吡哆辛（維生素Ｂ6）,Pyridoxine Hydrochloride（Vitamin B6）,"1.形態屬膠囊狀、錠狀且標示有每日食用限量之食品，在每日食用量中，其維生素Ｂ6之總含量不得高於80mg。
2.其他一般食品，在每日食用量或每300g食品(未標示每日食用量者)中，其維生素Ｂ6之總含量不得高於2.1mg。
3.嬰兒(輔助)食品，在每日食用量或每300g食品(未標示每日食用量者)中，其維生素Ｂ6之總含量不得高於0.75mg。",限於補充食品中不足之營養素時使用。,(八) 營養添加劑
191,氰鈷胺明（維生素Ｂ12）,Cyanocobalamin （Vitamin B12）,"1.形態屬膠囊狀、錠狀且標示有每日食用限量之食品，在每日食用量中，其維生素Ｂ12之總含量不得高於1000μg。
2.其他一般食品，在每日食用量或每300g食品(未標示每日食用量者)中，其維生素Ｂ12之總含量不得高於3.6μg。
3.嬰兒(輔助)食品，在每日食用量或每300g食品(未標示每日食用量者)中，其維生素Ｂ12之總含量不得高於1.35μg。",限於補充食品中不足之營養素時使用。,(八) 營養添加劑
192,抗壞血酸（維生素C ）,Ascorbic Acid（Vitamin C）,"1.形態屬膠囊狀、錠狀且標示有每日食用限量之食品，在每日食用量中，其維生素C之總含量不得高於1000mg。
2.其他一般食品，在每日食用量或每300g食品(未標示每日食用量者)中，其維生素C之總含量不得高於150mg。
3.嬰兒(輔助)食品，在每日食用量或每300g食品(未標示每日食用量者)中，其維生素C之總含量不得高於60mg。",限於補充食品中不足之營養素時使用。,(八) 營養添加劑
193,抗壞血酸鈉（維生素C）,Sodium Ascorbate（Vitamin C）,"1.形態屬膠囊狀、錠狀且標示有每日食用限量之食品，在每日食用量中，其維生素C之總含量不得高於1000mg。
2.其他一般食品，在每日食用量或每300g食品(未標示每日食用量者)中，其維生素C之總含量不得高於150mg。
3.嬰兒(輔助)食品，在每日食用量或每300g食品(未標示每日食用量者)中，其維生素C之總含量不得高於60mg。",限於補充食品中不足之營養素時使用。,(八) 營養添加劑
194,L-抗壞血酸硬脂酸酯（維生素C）,L-Ascorbyl Stearate     （Vitamin C）,"1.形態屬膠囊狀、錠狀且標示有每日食用限量之食品，在每日食用量中，其維生素C之總含量不得高於1000mg。
2.其他一般食品，在每日食用量或每300g食品(未標示每日食用量者)中，其維生素C之總含量不得高於150mg。
3.嬰兒(輔助)食品，在每日食用量或每300g食品(未標示每日食用量者)中，其維生素C之總含量不得高於60mg。",限於補充食品中不足之營養素時使用。,(八) 營養添加劑
195,L-抗壞血酸棕櫚酸酯（維生素C）,L-Ascorbyl Palmitate（Vitamin C）,"1.形態屬膠囊狀、錠狀且標示有每日食用限量之食品，在每日食用量中，其維生素C之總含量不得高於1000mg。
2.其他一般食品，在每日食用量或每300g食品(未標示每日食用量者)中，其維生素C之總含量不得高於150mg。
3.嬰兒(輔助)食品，在每日食用量或每300g食品(未標示每日食用量者)中，其維生素C之總含量不得高於60mg。",限於補充食品中不足之營養素時使用。,(八) 營養添加劑
196,鈣化醇（維生素Ｄ2）,Calciferol  （Vitamin D2）,"1.形態屬膠囊狀、錠狀且標示有每日食用限量之食品，在每日食用量中，其維生素Ｄ之總含量不得高於800I.U.（20μg）。
2.其他一般食品及嬰兒(輔助)食品，在每日食用量或每300g食品(未標示每日食用量者)中，其維生素Ｄ之總含量不得高於15μg。",限於補充食品中不足之營養素時使用。,(八) 營養添加劑
197,膽鈣化醇（維生素Ｄ3）,Cholecalciferol  （Vitamin D3）,"1.形態屬膠囊狀、錠狀且標示有每日食用限量之食品，在每日食用量中，其維生素Ｄ之總含量不得高於800I.U.（20μg）。
2. 其他一般食品及嬰兒(輔助)食品，在每日食用量或每300g食品(未標示每日食用量者)中，其維生素Ｄ之總含量不得高於15μg。",限於補充食品中不足之營養素時使用。,(八) 營養添加劑
198,生育醇（維生素Ｅ）,dl-α-Tocopherol （Vitamin E）,"1.形態屬膠囊狀、錠狀且標示有每日食用限量之食品，在每日食用量中，其維生素E之總含量不得高於400I.U.（268mg d-α-tocopherol）。
2.其他一般食品，在每日食用量或每300g食品(未標示每日食用量者)中，其維生素E之總含量不得高於18mgα-T.E.。
3.嬰兒(輔助)食品，在每日食用量或每300g食品(未標示每日食用量者)中，其維生素E之總含量不得高於7.5mgα-T.E.。",限於補充食品中不足之營養素時使用。,(八) 營養添加劑
199,（高阿爾發類）混合濃縮生育醇（維生素E）,Tocopherols Concentrate Mixed（High-α-type） （Vitamin E）,"1.形態屬膠囊狀、錠狀且標示有每日食用限量之食品，在每日食用量中，其維生素E之總含量不得高於400I.U.（268mg d-α-tocopherol）。
2.其他一般食品，在每日食用量或每300g食品(未標示每日食用量者)中，其維生素E之總含量不得高於18mgα-T.E.。
3.嬰兒(輔助)食品，在每日食用量或每300g食品(未標示每日食用量者)中，其維生素E之總含量不得高於7.5mgα-T.E.。",限於補充食品中不足之營養素時使用。,(八) 營養添加劑
200,濃縮d-α-生育醇（維生素E）,d-α-Tocopherol Concentrate（Vitamin E）,"1.形態屬膠囊狀、錠狀且標示有每日食用限量之食品，在每日食用量中，其維生素E之總含量不得高於400I.U.（268mg d-α-tocopherol）。
2.其他一般食品，在每日食用量或每300g食品(未標示每日食用量者)中，其維生素E之總含量不得高於18mgα-T.E.。
3.嬰兒(輔助)食品，在每日食用量或每300g食品(未標示每日食用量者)中，其維生素E之總含量不得高於7.5mgα-T.E.。",限於補充食品中不足之營養素時使用。,(八) 營養添加劑
201,乙酸d-α-生育醇酯（維生素E）,d-α-Tocopheryl Acetate （Vitamin E）,"1.形態屬膠囊狀、錠狀且標示有每日食用限量之食品，在每日食用量中，其維生素E之總含量不得高於400I.U.（268mg d-α-tocopherol）。
2.其他一般食品，在每日食用量或每300g食品(未標示每日食用量者)中，其維生素E之總含量不得高於18mgα-T.E.。
3.嬰兒(輔助)食品，在每日食用量或每300g食品(未標示每日食用量者)中，其維生素E之總含量不得高於7.5mgα-T.E.。",限於補充食品中不足之營養素時使用。,(八) 營養添加劑
202,乙酸dl-α-生育醇酯（維生素E）,dl-α-Tocopheryl Acetate （Vitamin E）,"1.形態屬膠囊狀、錠狀且標示有每日食用限量之食品，在每日食用量中，其維生素E之總含量不得高於400I.U.（268mg d-α-tocopherol）。
2.其他一般食品，在每日食用量或每300g食品(未標示每日食用量者)中，其維生素E之總含量不得高於18mgα-T.E.。
3.嬰兒(輔助)食品，在每日食用量或每300g食品(未標示每日食用量者)中，其維生素E之總含量不得高於7.5mgα-T.E.。",限於補充食品中不足之營養素時使用。,(八) 營養添加劑
203,濃縮乙酸d-α-生育醇酯d-α（維生素E）,d-α-Tocopheryl Acetate Concentrate（Vitamin E）,"1.形態屬膠囊狀、錠狀且標示有每日食用限量之食品，在每日食用量中，其維生素E之總含量不得高於400I.U.（268mg d-α-tocopherol）。
2.其他一般食品，在每日食用量或每300g食品(未標示每日食用量者)中，其維生素E之總含量不得高於18mgα-T.E.。
3.嬰兒(輔助)食品，在每日食用量或每300g食品(未標示每日食用量者)中，其維生素E之總含量不得高於7.5mgα-T.E.。",限於補充食品中不足之營養素時使用。,(八) 營養添加劑
204,酸式丁二酸d-α-生育醇酯（維生素E）,d-α-Tocopheryl Acid Succinate（Vitamin E）,"1.形態屬膠囊狀、錠狀且標示有每日食用限量之食品，在每日食用量中，其維生素E之總含量不得高於400I.U.（268mg d-α-tocopherol）。
2.其他一般食品，在每日食用量或每300g食品(未標示每日食用量者)中，其維生素E之總含量不得高於18mgα-T.E.。
3.嬰兒(輔助)食品，在每日食用量或每300g食品(未標示每日食用量者)中，其維生素E之總含量不得高於7.5mgα-T.E.。",限於補充食品中不足之營養素時使用。,(八) 營養添加劑
205,菸鹼酸,Nicotinic Acid,"1.形態屬膠囊狀、錠狀且標示有每日食用限量之食品，在每日食用量中，其菸鹼素之總含量不得高於100 mg N.E.。
2.其他一般食品，在每日食用量或每300g食品(未標示每日食用量者)中，其菸鹼素之總含量不得高於25.5mg N.E.。
3.嬰兒(輔助)食品，在每日食用量或每300g食品(未標示每日食用量者)中，其菸鹼素之總含量不得高於12mg N.E.。",限於補充食品中不足之營養素時使用。,(八) 營養添加劑
206,菸鹼醯胺,Nicotinamide,"1.形態屬膠囊狀、錠狀且標示有每日食用限量之食品，在每日食用量中，其菸鹼素之總含量不得高於 100 mg N.E.。
2.其他一般食品，在每日食用量或每300g食品(未標示每日食用量者)中，其菸鹼素之總含量不得高於25.5mg N.E.。
3.嬰兒(輔助)食品，在每日食用量或每300g食品(未標示每日食用量者)中，其菸鹼素之總含量不得高於12mg N.E.。",限於補充食品中不足之營養素時使用。,(八) 營養添加劑
207,葉酸,Folic Acid,"1.形態屬膠囊狀、錠狀且標示有每日食用限量之食品，在每日食用量中，其葉酸之總含量不得高於800μg。
2.其他一般食品，在每日食用量或每300g食品(未標示每日食用量者)中，其葉酸之總含量不得高於600μg。
3.嬰兒(輔助)食品，在每日食用量或每300g食品(未標示每日食用量者)中，其葉酸之總含量不得高於225μg。",限於補充食品中不足之營養素時使用。,(八) 營養添加劑
208,抗壞血酸鈣（維生素C）,Calcium Ascorbate    （Vitamin C）,"1.形態屬膠囊狀、錠狀且標示有每日食用限量之食品，在每日食用量中，其維生素C之總含量不得高於1000mg。
2.其他一般食品，在每日食用量或每300g食品(未標示每日食用量者)中，其維生素C之總含量不得高於150mg。
3.嬰兒(輔助)食品，在每日食用量或每300g食品(未標示每日食用量者)中，其維生素C之總含量不得高於60mg。",限於補充食品中不足之營養素時使用。,(八) 營養添加劑
209,氧化鈣,Calcium Oxide,"1.一般食品，在每日食用量或每300g食品(未標示每日食用量者)中，其鈣之總含量不得高於1800mg。
2.嬰兒(輔助)食品，在每日食用量或每300g食品(未標示每日食用量者)中，其鈣之總含量不得高於750mg。",限於補充食品中不足之營養素時使用。,(八) 營養添加劑
210,碳酸鈣,Calcium Carbonate,"1.一般食品，在每日食用量或每300g食品(未標示每日食用量者)中，其鈣之總含量不得高於1800mg。
2.嬰兒(輔助)食品，在每日食用量或每300g食品(未標示每日食用量者)中，其鈣之總含量不得高於750mg。",限於補充食品中不足之營養素時使用。,(八) 營養添加劑
211,還原鐵,Iron，Reduced,"1.形態屬膠囊狀、錠狀且標示有每日食用限量之食品，在每日食用量中，其鐵之總含量不得高於45 mg。
2.一般食品，在每日食用量或每300 g食品(未標示每日食用量者)中，其鐵之總含量不得高於22.5 mg。
3.嬰兒(輔助)食品，在每日食用量或每300g食品(未標示每日食用量者)中，其鐵之總含量不得高於15mg。",限於補充食品中不足之營養素時使用。,(八) 營養添加劑
212,焦磷酸鐵,Ferric Pyrophosphate（Iron Pyrophosphate）,"1.形態屬膠囊狀、錠狀且標示有每日食用限量之食品，在每日食用量中，其鐵之總含量不得高於45 mg。
2.一般食品，在每日食用量或每300g食品(未標示每日食用量者)中，其鐵之總含量不得高於22.5mg。
3.嬰兒(輔助)食品，在每日食用量或每300g食品(未標示每日食用量者)中，其鐵之總含量不得高於15mg。",限於補充食品中不足之營養素時使用。,(八) 營養添加劑
213,羰基鐵,Iron，Carbonyl,"1.形態屬膠囊狀、錠狀且標示有每日食用限量之食品，在每日食用量中，其鐵之總含量不得高於45 mg。
2.一般食品，在每日食用量或每300g食品(未標示每日食用量者)中，其鐵之總含量不得高於22.5mg。
3.嬰兒(輔助)食品，在每日食用量或每300g食品(未標示每日食用量者)中，其鐵之總含量不得高於15mg。",限於補充食品中不足之營養素時使用。,(八) 營養添加劑
214,電解鐵,Iron，Electrolytic,"1.形態屬膠囊狀、錠狀且標示有每日食用限量之食品，在每日食用量中，其鐵之總含量不得高於45 mg。
2.一般食品，在每日食用量或每300g食品(未標示每日食用量者)中，其鐵之總含量不得高於22.5mg。
3.嬰兒(輔助)食品，在每日食用量或每300g食品(未標示每日食用量者)中，其鐵之總含量不得高於15mg。",限於補充食品中不足之營養素時使用。,(八) 營養添加劑
215,檸檬酸鐵銨,Ferric Ammonium Citrate,"1.形態屬膠囊狀、錠狀且標示有每日食用限量之食品，在每日食用量中，其鐵之總含量不得高於45 mg。
2.一般食品，在每日食用量或每300g食品(未標示每日食用量者)中，其鐵之總含量不得高於22.5mg。
3.嬰兒(輔助)食品，在每日食用量或每300g食品(未標示每日食用量者)中，其鐵之總含量不得高於15mg。",限於補充食品中不足之營養素時使用。,(八) 營養添加劑
216,氯化鐵,Ferric Chloride,"1.形態屬膠囊狀、錠狀且標示有每日食用限量之食品，在每日食用量中，其鐵之總含量不得高於45 mg。
2.一般食品，在每日食用量或每300g食品(未標示每日食用量者)中，其鐵之總含量不得高於22.5mg。
3.嬰兒(輔助)食品，在每日食用量或每300g食品(未標示每日食用量者)中，其鐵之總含量不得高於15mg。",限於補充食品中不足之營養素時使用。,(八) 營養添加劑
217,檸檬酸鐵,Ferric Citrate,"1.形態屬膠囊狀、錠狀且標示有每日食用限量之食品，在每日食用量中，其鐵之總含量不得高於45 mg。
2.一般食品，在每日食用量或每300g食品(未標示每日食用量者)中，其鐵之總含量不得高於22.5mg。
3.嬰兒(輔助)食品，在每日食用量或每300g食品(未標示每日食用量者)中，其鐵之總含量不得高於15mg。",限於補充食品中不足之營養素時使用。,(八) 營養添加劑
218,硫酸亞鐵,Ferrous Sulfate,"1.形態屬膠囊狀、錠狀且標示有每日食用限量之食品，在每日食用量中，其鐵之總含量不得高於45 mg。
2.一般食品，在每日食用量或每300g食品(未標示每日食用量者)中，其鐵之總含量不得高於22.5mg。
3.嬰兒(輔助)食品，在每日食用量或每300g食品(未標示每日食用量者)中，其鐵之總含量不得高於15mg。",限於補充食品中不足之營養素時使用。,(八) 營養添加劑
219,乳酸亞鐵,Ferrous Lactate,"1.形態屬膠囊狀、錠狀且標示有每日食用限量之食品，在每日食用量中，其鐵之總含量不得高於45 mg。
2.一般食品，在每日食用量或每300g食品(未標示每日食用量者)中，其鐵之總含量不得高於22.5mg。
3.嬰兒(輔助)食品，在每日食用量或每300g食品(未標示每日食用量者)中，其鐵之總含量不得高於15mg。",限於補充食品中不足之營養素時使用。,(八) 營養添加劑
220,檸檬酸亞鐵鈉（琥珀酸檸檬酸鐵鈉）,Sodium Ferrous Citrate（Iron and Sodium Succinate Citrate）,"1.形態屬膠囊狀、錠狀且標示有每日食用限量之食品，在每日食用量中，其鐵之總含量不得高於45 mg。
2.一般食品，在每日食用量或每300g食品(未標示每日食用量者)中，其鐵之總含量不得高於22.5mg。
3.嬰兒(輔助)食品，在每日食用量或每300g食品(未標示每日食用量者)中，其鐵之總含量不得高於15mg。",限於補充食品中不足之營養素時使用。,(八) 營養添加劑
221,碘化鉀,Potassium Iodide,"1.本品可使用於食鹽；用量以碘計為20~33 mg/kg。
2.其他一般食品，在每日食用量或每300g食品(未標示每日食用量者)中，其碘之總含量不得高於195μg。
3.嬰兒(輔助)食品，在每日食用量或每300g食品(未標示每日食用量者)中，其碘之總含量不得高於97.5μg。",限於補充食品中不足之營養素時使用。,(八) 營養添加劑
222,碘酸鉀,Potassium Iodate,"1.本品可使用於食鹽；用量以碘計為20~33 mg/kg。。
2.其他一般食品，在每日食用量或每300g食品(未標示每日食用量者)中，其碘之總含量不得高於195μg。
3.嬰兒(輔助)食品，在每日食用量或每300g食品(未標示每日食用量者)中，其碘之總含量不得高於97.5μg。",限於補充食品中不足之營養素時使用。,(八) 營養添加劑
223,甲基柑果苷（維生素P）,Methyl Hesperidin,本品可於各類食品中視實際需要適量使用。,限於補充食品中不足之營養素時使用。,(八) 營養添加劑
224,維生素K3,Menadione （Vitamin K3）,"1.形態屬膠囊狀、錠狀且標示有每日食用限量之食品，在每日食用量中，其維生素K3之總含量不得高於500 μg。
2.本品可使用於一般食品中以補充不足之營養素。在每日食用量中，其維生素 K3 之總含量不得高於140μg；未標示每日食用量者，每300g食品中維生素 K3 之總含量不得高於140μg。
3.本品可使用於嬰兒（輔助）食品中以補充不足之營養素。在每日食用量中，其維生素 K3 之總含量不得高於20μg；未標示每日使用量者每300g食品中維生素K3之總含量不得高於20μg。",限於補充食品中不足之營養素時使用。,(八) 營養添加劑
225,亞麻油二烯酸甘油酯,Triglyceryl Linoleate,本品可於各類食品中視實際需要適量使用。,限於補充食品中不足之營養素時使用。,(八) 營養添加劑
226,鹽酸L-組織胺酸,L-Histidine Mono-hydrochloride,本品可於各類食品中視實際需要適量使用。,限於補充食品中不足之營養素時使用。,(八) 營養添加劑
227,L-異白胺酸,L-Isoleucine,本品可於各類食品中視實際需要適量使用。,限於補充食品中不足之營養素時使用。,(八) 營養添加劑
228,DL-色胺酸,DL-Tryptophan,本品可於各類食品中視實際需要適量使用。,限於補充食品中不足之營養素時使用。,(八) 營養添加劑
229,L-色胺酸,L-Tryptophan,本品可於各類食品中視實際需要適量使用。,限於補充食品中不足之營養素時使用。,(八) 營養添加劑
230,L-α胺基異戊酸,L-Valine,本品可於各類食品中視實際需要適量使用。,限於補充食品中不足之營養素時使用。,(八) 營養添加劑
231,L-二胺基己酸,L-Lysine,本品可於各類食品中視實際需要適量使用。,限於補充食品中不足之營養素時使用。,(八) 營養添加劑
232,L-二胺基己酸 L-麩酸酯,L-Lysine      L-Glutamate,本品可於各類食品中視實際需要適量使用。,限於補充食品中不足之營養素時使用。,(八) 營養添加劑
233,鹽酸L-二胺基己酸,L-Lysine Monohydro-chloride,本品可於各類食品中視實際需要適量使用。,限於補充食品中不足之營養素時使用。,(八) 營養添加劑
234,DL-蛋胺酸,DL-Methionine,本品可於各類食品中視實際需要適量使用。,限於補充食品中不足之營養素時使用。,(八) 營養添加劑
235,L-蛋胺酸,L-Methionine,本品可於各類食品中視實際需要適量使用。,限於補充食品中不足之營養素時使用。,(八) 營養添加劑
236,L-苯丙胺酸,L-Phenylalanine,本品可於各類食品中視實際需要適量使用。,限於補充食品中不足之營養素時使用。,(八) 營養添加劑
237,DL-羥丁胺酸,DL-Threonine,本品可於各類食品中視實際需要適量使用。,限於補充食品中不足之營養素時使用。,(八) 營養添加劑
238,L-羥丁胺酸,L-Threonine,本品可於各類食品中視實際需要適量使用。,限於補充食品中不足之營養素時使用。,(八) 營養添加劑
239,生物素,Biotin,本品可於各類食品中視實際需要適量使用。,限於補充食品中不足之營養素時使用。,(八) 營養添加劑
240,本多酸鈉,Sodium Pantothenate,本品可於各類食品中視實際需要適量使用。,限於補充食品中不足之營養素時使用。,(八) 營養添加劑
241,本多酸鈣,Calcium Pantothenate,本品可於各類食品中視實際需要適量使用,限於補充食品中不足之營養素時使用。,(八) 營養添加劑
242,氯化鉀,Potassium Chloride,本品可於各類食品中視實際需要適量使用。,限於補充食品中不足之營養素時使用。,(八) 營養添加劑
243,硫酸鎂,Magnesium Sulfate,"1.本品可使用於一般食品中以補充不足之營養素。在每日食用量中，其鎂之總含量不得高於600mg ；未標示每日食用量者，每300g食品中鎂之總含量不得高於600mg。             
2.本品可使用於嬰兒（輔助）食品中以補充不足之營養素。在每日食用量中，其鎂之總含量不得高於105mg；未標示每日食用量者，每300g食品中鎂之總含量不得高於105mg。",限於補充食品中不足之營養素時使用。,(八) 營養添加劑
244,肌醇,Inositol,本品可於各類食品中視實際需要適量使用。,限於補充食品中不足之營養素時使用。,(八) 營養添加劑
245,重酒石酸膽生僉,Choline Bitartrate,本品可於各類食品中視實際需要適量使用。,限於補充食品中不足之營養素時使用。,(八) 營養添加劑
246,氯化膽生僉,Choline Chloride,本品可於各類食品中視實際需要適量使用。,限於補充食品中不足之營養素時使用。,(八) 營養添加劑
247,硫酸鋅,Zinc Sulfate,"1.形態屬膠囊狀、錠狀且標示有每日食用限量之食品，在每日食用量中，其鋅之總含量不得高於30 mg。
2.本品可使用於一般食品中以補充不足之營養素。在每日食用量中，其鋅之總含量不得高於22.5mg；未標示每日食用量者，每300g食品中鋅之總含量不得高於22.5mg。             
3.本品可使用於嬰兒（輔助）食品中以補充不足之營養素。在每日食用量中，其鋅之總含量不得高於7.5mg；未標示每日食用量者，每300g食品中鋅之總含量不得高於7.5mg。",限於補充食品中不足之營養素時使用。,(八) 營養添加劑
248,氯化鋅,Zinc Chloride,"1.形態屬膠囊狀、錠狀且標示有每日食用限量之食品，在每日食用量中，其鋅之總含量不得高於30 mg。
2.本品可使用於一般食品中以補充不足之營養素。在每日食用量中，其鋅之總含量不得高於22.5mg；未標示每日食用量者，每300g食品中鋅之總含量不得高於22.5mg。             
3.本品可使用於嬰兒（輔助）食品中以補充不足之營養素。在每日食用量中，其鋅之總含量不得高於7.5mg；未標示每日食用量者，每300g食品中鋅之總含量不得高於7.5mg。",限於補充食品中不足之營養素時使用。,(八) 營養添加劑
249,葡萄糖酸鋅,Zinc Gluconate,"1.形態屬膠囊狀、錠狀且標示有每日食用限量之食品，在每日食用量中，其鋅之總含量不得高於30 mg。
2.本品可使用於一般食品中以補充不足之營養素。在每日食用量中，其鋅之總含量不得高於22.5mg；未標示每日食用量者，每300g食品中鋅之總含量不得高於22.5mg。             
3.本品可使用於嬰兒（輔助）食品中以補充不足之營養素。在每日食用量中，其鋅之總含量不得高於7.5mg；未標示每日食用量者，每300g食品中鋅之總含量不得高於7.5mg。",限於補充食品中不足之營養素時使用。,(八) 營養添加劑
250,氧化鋅,Zinc Oxide,"1.形態屬膠囊狀、錠狀且標示有每日食用限量之食品，在每日食用量中，其鋅之總含量不得高於30 mg。
2.本品可使用於一般食品中以補充不足之營養素。在每日食用量中，其鋅之總含量不得高於22.5mg；未標示每日食用量者，每300g食品中鋅之總含量不得高於22.5mg。             
3.本品可使用於嬰兒（輔助）食品中以補充不足之營養素。在每日食用量中，其鋅之總含量不得高於7.5mg；未標示每日食用量者，每300g食品中鋅之總含量不得高於7.5mg。",限於補充食品中不足之營養素時使用。,(八) 營養添加劑
251,硬脂酸鋅,Znic Stearate,"1.形態屬膠囊狀、錠狀且標示有每日食用限量之食品，在每日食用量中，其鋅之總含量不得高於30 mg。
2.本品可使用於一般食品中以補充不足之營養素。在每日食用量中，其鋅之總含量不得高於22.5mg；未標示每日食用量者，每300g食品中鋅之總含量不得高於22.5mg。             
3.本品可使用於嬰兒（輔助）食品中以補充不足之營養素。在每日食用量中，其鋅之總含量不得高於7.5mg；未標示每日食用量者，每300g食品中鋅之總含量不得高於7.5mg。",限於補充食品中不足之營養素時使用。,(八) 營養添加劑
252,硫酸銅,Copper Sulfate,"1.形態屬膠囊狀、錠狀且標示有每日食用限量之食品，在每日食用量中，其銅之總含量不得高於8 mg。
2.本品可使用於一般食品中以補充不足之營養素。在每日食用量中，其銅之總含量不得高於2.5mg ；未標示每日食用量者，每300g食品中銅之總含量不得高於2.5mg 。             
3.本品可使用於嬰兒（輔助）食品中以補充不足之營養素。在每日食用量中，其銅之總含量不得高於1.0mg；未標示每日食用量者，每300g食品中銅之總含量不得高於1.0mg。",限於補充食品中不足之營養素時使用。,(八) 營養添加劑
253,葡萄糖酸銅,Copper Gluconate,"1.形態屬膠囊狀、錠狀且標示有每日食用限量之食品，在每日食用量中，其銅之總含量不得高於8 mg。
2.本品可使用於一般食品中以補充不足之營養素。在每日食用量中，其銅之總含量不得高於2.5mg ；未標示每日食用量者，每300g食品中銅之總含量不得高於2.5mg 。             
3.本品可使用於嬰兒（輔助）食品中以補充不足之營養素。在每日食用量中，其銅之總含量不得高於1.0mg；未標示每日食用量者，每300g食品中銅之總含量不得高於1.0mg。",限於補充食品中不足之營養素時使用。,(八) 營養添加劑
254,維生素K1,Phylloquinone （Vitamin K1）,本品可於各類食品中視實際需要適量使用。,限於補充食品中不足之營養素時使用。,(八) 營養添加劑
255,維生素K2,Menaquinone  （Vitamin K2）,本品可於各類食品中視實際需要適量使用。,限於補充食品中不足之營養素時使用。,(八) 營養添加劑
256,磷酸鐵,Ferric Phosphate,"1.形態屬膠囊狀、錠狀且標示有每日食用限量之食品，在每日食用量中，其鐵之總含量不得高於45 mg。
2.一般食品，在每日食用量或每300g食品(未標示每日食用量者)中，其鐵之總含量不得高於22.5mg。
3.嬰兒(輔助)食品，在每日食用量或每300g食品(未標示每日食用量者)中，其鐵之總含量不得高於15mg。",限於補充食品中不足之營養素時使用。,(八) 營養添加劑
257,葡萄糖酸亞鐵,Ferrous Gluconate,"1.形態屬膠囊狀、錠狀且標示有每日食用限量之食品，在每日食用量中，其鐵之總含量不得高於45 mg。
2.一般食品，在每日食用量或每300g食品(未標示每日食用量者)中，其鐵之總含量不得高於22.5mg。
3.嬰兒(輔助)食品，在每日食用量或每300g食品(未標示每日食用量者)中，其鐵之總含量不得高於15mg。",限於補充食品中不足之營養素時使用。,(八) 營養添加劑
258,丁烯二酸亞鐵,Ferrous Fumarate,"1.形態屬膠囊狀、錠狀且標示有每日食用限量之食品，在每日食用量中，其鐵之總含量不得高於45 mg。
2.一般食品，在每日食用量或每300g食品(未標示每日食用量者)中，其鐵之總含量不得高於22.5mg。
3.嬰兒(輔助)食品，在每日食用量或每300g食品(未標示每日食用量者)中，其鐵之總含量不得高於15mg。",限於補充食品中不足之營養素時使用。,(八) 營養添加劑
259,氧化鎂,Magnesium Oxide,"1.本品可使用於一般食品中以補充不足之營養素。在每日食用量中，其鎂之總含量不得高於600mg ；未標示每日食用量者，每300g食品中鎂之總含量不得高於600mg 。
2.本品可使用於嬰兒（輔助）食品中以補充不足之營養素。在每日食用量中，其鎂之總含量不得高於105mg ；未標示每日食用量者，每300g 食品中鎂之總含量不得高於105mg 。",限於補充食品中不足之營養素時使用。,(八) 營養添加劑
260,磷酸鎂,Magnesium Phosphate，Dibasic or Tribasic,"1.本品可使用於一般食品中以補充不足之營養素。在每日食用量中，其鎂之總含量不得高於600mg ；未標示每日食用量者，每300g食品中鎂之總含量不得高於600mg 。             
2.本品可使用於嬰兒（輔助）食品中以補充不足之營養素。在每日食用量中，其鎂之總含量不得高於105mg ；未標示每日食用量者，每300g食品中鎂之總含量不得高於105mg 。",限於補充食品中不足之營養素時使用。,(八) 營養添加劑
261,L-肉鹼(L-肉酸),L-Carnitine,"1.形態屬膠囊狀、錠狀且標示有每日食用限量之食品，在每日食用量中，其L-Carnitine之總含量不得高於2 g。
2.本品可於特殊營養食品中視實際需要適量使用。",限於補充食品中不足之營養素時使用。,(八) 營養添加劑
262,氯化錳,Manganese Chloride,"1.形態屬膠囊狀、錠狀且標示有每日食用限量之食品，在每日食用量中，其錳之總含量不得高於9 mg。
2.本品可使用於一般食品中以補充不足之營養素。在每日食用量中，其錳之總含量不得高於5.0mg ；未標示每日食用量者，每300g食品中錳之總含量不得高於5.0mg 。
3.本品可使用於嬰兒（輔助）食品中以補充不足之營養素。在每日食用量中，其錳之總含量不得高於1.0mg ；未標示每日食用量者，每300g 食品中錳之總含量不得高於1.0mg。",限於補充食品中不足之營養素時使用。,(八) 營養添加劑
263,檸檬酸錳,Manganese Citrate,"1.形態屬膠囊狀、錠狀且標示有每日食用限量之食品，在每日食用量中，其錳之總含量不得高於9 mg。
2.本品可使用於一般食品中以補充不足之營養素。在每日食用量中，其錳之總含量不得高於5.0mg ；未標示每日食用量者，每300g食品中錳之總含量不得高於5.0mg 。
3.本品可使用於嬰兒（輔助）食品中以補充不足之營養素。在每日食用量中，其錳之總含量不得高於1.0mg ；未標示每日食用量者，每300g 食品中錳之總含量不得高於1.0mg。",限於補充食品中不足之營養素時使用。,(八) 營養添加劑
264,葡萄糖酸錳,Manganese Gluconate,"1.形態屬膠囊狀、錠狀且標示有每日食用限量之食品，在每日食用量中，其錳之總含量不得高於9 mg。
2.本品可使用於一般食品中以補充不足之營養素。在每日食用量中，其錳之總含量不得高於5.0mg ；未標示每日食用量者，每300g食品中錳之總含量不得高於5.0mg 。
3.本品可使用於嬰兒（輔助）食品中以補充不足之營養素。在每日食用量中，其錳之總含量不得高於1.0mg ；未標示每日食用量者，每300g 食品中錳之總含量不得高於1.0mg。",限於補充食品中不足之營養素時使用。,(八) 營養添加劑
265,甘油磷酸錳,Manganese Glycerophosphate,"1.形態屬膠囊狀、錠狀且標示有每日食用限量之食品，在每日食用量中，其錳之總含量不得高於9 mg。
2.本品可使用於一般食品中以補充不足之營養素。在每日食用量中，其錳之總含量不得高於5.0mg ；未標示每日食用量者，每300g食品中錳之總含量不得高於5.0mg 。
3.本品可使用於嬰兒（輔助）食品中以補充不足之營養素。在每日食用量中，其錳之總含量不得高於1.0mg ；未標示每日食用量者，每300g 食品中錳之總含量不得高於1.0mg。",限於補充食品中不足之營養素時使用。,(八) 營養添加劑
266,硫酸錳,Manganese Sulfate,"1.形態屬膠囊狀、錠狀且標示有每日食用限量之食品，在每日食用量中，其錳之總含量不得高於9 mg。
2.本品可使用於一般食品中以補充不足之營養素。在每日食用量中，其錳之總含量不得高於5.0mg ；未標示每日食用量者，每300g食品中錳之總含量不得高於5.0mg 。
3.本品可使用於嬰兒（輔助）食品中以補充不足之營養素。在每日食用量中，其錳之總含量不得高於1.0mg ；未標示每日食用量者，每300g 食品中錳之總含量不得高於1.0mg。",限於補充食品中不足之營養素時使用,(八) 營養添加劑
267,氧化亞錳,Manganous Oxide,"1.形態屬膠囊狀、錠狀且標示有每日食用限量之食品，在每日食用量中，其錳之總含量不得高於9 mg。
2.本品可使用於一般食品中以補充不足之營養素。在每日食用量中，其錳之總含量不得高於5.0mg ；未標示每日食用量者，每300g食品中錳之總含量不得高於5.0mg 。
3.本品可使用於嬰兒（輔助）食品中以補充不足之營養素。在每日食用量中，其錳之總含量不得高於1.0mg ；未標示每日食用量者，每300g 食品中錳之總含量不得高於1.0mg。",限於補充食品中不足之營養素時使用。,(八) 營養添加劑
268,牛磺酸,Taurine,本品可於各類食品中視實際需要適量使用。,限於補充食品中不足該營養素時使用。,(八) 營養添加劑
269,L-精胺酸,L-Arginine,本品可於各類食品中視實際需要適量使用。,限於補充食品中不足之營養素時使用。,(八) 營養添加劑
270,L-醋酸精胺酸,L-Arginine Acetate,本品可於特殊營養食品中視實際需要適量使用。,限於補充食品中不足之營養素時使用。,(八) 營養添加劑
271,L-天冬胺酸,L-Aspartic Acid,本品可於各類食品中視實際需要適量使用。,限於補充食品中不足之營養素時使用。,(八) 營養添加劑
272,DL-天門冬酸,DL-Aspartic Acid,本品可於特殊營養食品中視實際需要適量使用。,限於補充食品中不足之營養素時使用。,(八) 營養添加劑
273,麩醯胺酸,L-Glutamine,本品可於各類食品中視實際需要適量使用。,限於補充食品中不足之營養素時使用。,(八) 營養添加劑
274,L-白胺酸,L-Leucine,本品可於各類食品中視實際需要適量使用。,限於補充食品中不足之營養素時使用。,(八) 營養添加劑
275,DL-白胺酸,DL-Leucine,本品可於特殊營養食品中視實際需要適量使用。,限於補充食品中不足之營養素時使用。,(八) 營養添加劑
276,L-脯胺酸,L-Proline,本品可於各類食品中視實際需要適量使用。,限於補充食品中不足之營養素時使用。,(八) 營養添加劑
277,L-絲胺酸,L-Serine,本品可於各類食品中視實際需要適量使用。,限於補充食品中不足之營養素時使用。,(八) 營養添加劑
278,DL-絲胺酸,DL-Serine,本品可於特殊營養食品中視實際需要適量使用。,限於補充食品中不足之營養素時使用。,(八) 營養添加劑
279,L-酪胺酸,L-Tyrosine,本品可於各類食品中視實際需要適量使用。,限於補充食品中不足之營養素時使用。,(八) 營養添加劑
280,L-胱胺酸,L-Cystine,"1.本品可用於標示有每日食用限量之食品，在每日食用量中，其L-胱胺酸總含量不得高於500 mg。
2.本品可於特殊營養食品中視實際需要適量使用。",,(八) 營養添加劑
281,L-醋酸離胺酸,L-Lysine Acetate,本品可於特殊營養食品中視實際需要適量使用。,限於補充食品中不足之營養素時使用。,(八) 營養添加劑
282,醋酸鋅,Zinc Acetate,"1.形態屬膠囊狀、錠狀且標示有每日食用限量之食品，在每日食用量中，其鋅之總含量不得高於30 mg。
2.本品可於特殊營養食品中視實際需要適量使用。",限於補充食品中不足之營養素時使用。,(八) 營養添加劑
283,檸檬酸銅,Cupric Citrate,"1.形態屬膠囊狀、錠狀且標示有每日食用限量之食品，在每日食用量中，其銅之總含量不得高於8 mg。
2.本品可於特殊營養食品中視實際需要適量使用。",限於補充食品中不足之營養素時使用。,(八) 營養添加劑
284,葡萄糖酸鎂,Magnesium Gluconate,"1.形態屬膠囊狀、錠狀且標示有每日食用限量之食品，在每日食用量中，其鎂之總含量不得高於600 mg。
2.本品可於特殊營養食品中視實際需要適量使用。",限於補充食品中不足之營養素時使用。,(八) 營養添加劑
285,氫氧化鎂,Magnesium Hydroxide,"1.形態屬膠囊狀、錠狀且標示有每日食用限量之食品，在每日食用量中，其鎂之總含量不得高於600 mg。
2.本品可於特殊營養食品中視實際需要適量使用。",限於補充食品中不足之營養素時使用。,(八) 營養添加劑
286,醋酸鉻,Chromic Acetate Monohydrate,"1.本品可使用於標示有每日食用限量之食品，在每日食用量中，其鉻之總含量不得高於200μg。
2.本品可於特殊營養食品中視實際需要適量使用。",限於補充食品中不足之營養素時使用。,(八) 營養添加劑
287,鉬酸鈉（無水）,Sodium Molybdate Anhydrous,"1.形態屬膠囊狀、錠狀且標示有每日食用限量之食品，在每日食用量中，其鉬之總含量不得高於350 μg。
2.本品可於特殊營養食品中視實際需要適量使用。",限於補充食品中不足之營養素時使用。,(八) 營養添加劑
288,亞硒酸鈉,Sodium Selenite,"1.形態屬膠囊狀、錠狀且標示有每日食用限量之食品，在每日食用量中，其硒之總含量不得高於200 μg。
2.本品可於特殊營養食品中視實際需要適量使用。 
3.本品可用於標示有每日食用建議量且適用一歲至三歲幼兒之奶粉，在每日食用量中，其硒之總含量不得高於20 μg。
4.本品可用於標示有每日食用建議量且適用三歲至七歲幼童之奶粉，在每日食用量中，其硒之總含量不得高於45 μg。
5.本品可用於標示適用早產兒之嬰兒（輔助）食品。在每日食用量中，其硒之總含量不得高於20 μg。",限於補充食品中不足之營養素時使用。,(八) 營養添加劑
289,脂肪酸磷酸鈉,Sodium Glycerophosphate,本品可於特殊營養食品中視實際需要適量使用。,限於補充食品中不足之營養素時使用。,(八) 營養添加劑
290,乳酮糖,Lactulose,"1.本品可於特殊營養食品中視實際需要適量使用。
2.本品可用於標示有每日食用限量之食品，每日食用量，其乳酮糖總含量不得高於10 g。",限於補充食品中不足之營養素時使用。,(八) 營養添加劑
291,乳鐵蛋白,Lactoferrin,"1.本品可使用於標示有每日食用限量之食品，在每日食用量中，其乳鐵蛋白總量不得高於300 mg。
2.本品可於特殊營養食品中視實際需要適量使用。",限於補充食品中不足之營養素時使用。,(八) 營養添加劑
292,磷酸二氫鈣,Calcium Dihydrogen Phosphate,"1.一般食品，在每日食用量或每300g食品(未標示每日食用量者)中，其鈣之總含量不得高於1800mg。
2.嬰兒(輔助)食品，在每日食用量或每300g食品(未標示每日食用量者)中，其鈣之總含量不得高於750mg。",,(八) 營養添加劑
293,磷酸氫鈣,"Calcium Phosphate, Dibasic","1.一般食品，在每日食用量或每300g食品(未標示每日食用量者)中，其鈣之總含量不得高於1800mg。
2.嬰兒(輔助)食品，在每日食用量或每300g食品(未標示每日食用量者)中，其鈣之總含量不得高於750mg。",,(八) 營養添加劑
294,磷酸氫鈣（無水）,"Calcium Phosphate, Dibasic (Anhydrous)","1.一般食品，在每日食用量或每300g食品(未標示每日食用量者)中，其鈣之總含量不得高於1800mg。
2.嬰兒(輔助)食品，在每日食用量或每300g食品(未標示每日食用量者)中，其鈣之總含量不得高於750mg。",,(八) 營養添加劑
295,磷酸鈣,"Calcium Phosphate, Tribasic","1.一般食品，在每日食用量或每300g食品(未標示每日食用量者)中，其鈣之總含量不得高於1800mg。
2.嬰兒(輔助)食品，在每日食用量或每300g食品(未標示每日食用量者)中，其鈣之總含量不得高於750mg。",,(八) 營養添加劑
296,乳酸鐵,Iron Lactate,"1.形態屬膠囊狀、錠狀且標示有每日食用限量之食品，在每日食用量中，其鐵之總含量不得高於45 mg。
2.一般食品，在每日食用量或每300g食品(未標示每日食用量者)中，其鐵之總含量不得高於22.5mg。
3.嬰兒(輔助)食品，在每日食用量或每300g食品(未標示每日食用量者)中，其鐵之總含量不得高於15mg。",,(八) 營養添加劑
297,乳酸鈣,Calcium Lactate,"1.一般食品，在每日食用量或每300g食品(未標示每日食用量者)中，其鈣之總含量不得高於1800mg。
2.嬰兒(輔助)食品，在每日食用量或每300g食品(未標示每日食用量者)中，其鈣之總含量不得高於750mg。",,(八) 營養添加劑
298,硒酸鈉,Sodium Selenate,本品可於各類食品中視實際需要適量使用。,限於補充食品中不足之營養素時使用。,(八) 營養添加劑
299,L-丙胺酸,L-Alanine,本品可於各類食品中視實際需要量使用。,限於補充食品中不足之營養素時使用。,(八) 營養添加劑
300,L-天冬醯胺酸,L-Asparagine,本品可於各類食品中視實際需要量使用。,限於補充食品中不足之營養素時使用。,(八) 營養添加劑
301,L-組胺酸,L-Histidine,本品可於各類食品中視實際需要量使用。,限於補充食品中不足之營養素時使用。,(八) 營養添加劑
302,葡萄糖酸乳酸鈣,Calcium Gluconolactate,"1.一般食品，在每日食用量或每300g食品(未標示每日食用量者)中，其鈣之總含量不得高於1800mg。
2.嬰兒(輔助)食品，在每日食用量或每300g食品(未標示每日食用量者)中，其鈣之總含量不得高於750mg。",限於補充食品中不足之營養素時使用。,(八) 營養添加劑
303,5’-胞核苷單磷酸鹽,Cytidine-5’-Monophosphate,"1.本品可於特殊營養食品中視實際需要適量使用。
2.本品可使用於適用三歲以下幼兒之奶粉；用量為2.50mg/100大卡奶粉以下。",限於補充食品中不足之營養素時使用。,(八) 營養添加劑
304,5’-尿核苷單磷酸鹽,Uridine-5’-Monophosphate,"1.本品可於特殊營養食品中視實際需要適量使用。
2.本品可使用於適用三歲以下幼兒之奶粉；用量為1.75mg/100大卡奶粉以下。",限於補充食品中不足之營養素時使用。,(八) 營養添加劑
305,5’-腺核苷單磷酸鹽,Adenosine-5’-Monophosphate,"1.本品可於特殊營養食品中視實際需要適量使用。
2.本品可使用於適用三歲以下幼兒之奶粉；用量為1.50mg/100大卡奶粉以下。",限於補充食品中不足之營養素時使用。,(八) 營養添加劑
306,5’-次黃嘌呤核苷單磷酸鹽,Inosine-5’-Monophosphate,"1.本品可於特殊營養食品中視實際需要適量使用。
2.本品可使用於適用三歲以下幼兒之奶粉；用量為1.00mg/100大卡奶粉以下。",限於補充食品中不足之營養素時使用。,(八) 營養添加劑
307,5’-鳥嘌呤核苷單磷酸鹽,Guanosine-5’-Monophosphate,"1.本品可於特殊營養食品中視實際需要適量使用。
2.本品可使用於適用三歲以下幼兒之奶粉；用量為0.50mg/100大卡奶粉以下。",限於補充食品中不足之營養素時使用。,(八) 營養添加劑
308,硫酸鉻,Chromic Sulfate,"1.本品可使用於標示有每日食用限量之食品，在每日食用量中，其鉻之總含量不得高於200μg。
2.本品可於特殊營養食品中視實際需要適量使用。",限於補充食品中不足之營養素時使用。,(八) 營養添加劑
309,三氯化鉻,Chromium Chloride,"1.本品可使用於標示有每日食用限量之食品，在每日食用量中，其鉻之總含量不得高於200μg。
2.本品可於特殊營養食品中視實際需要適量使用。",限於補充食品中不足之營養素時使用。,(八) 營養添加劑
310,吡啶甲酸鉻,Chromium Picolinate,"1.本品可使用於標示有每日食用限量之食品，在每日食用量中，其鉻之總含量不得高於200μg。
2.本品可於特殊營養食品中視實際需要適量使用。",限於補充食品中不足之營養素時使用。,(八) 營養添加劑
311,合成玉米黃素,Synthetic Zeaxanthin,型態屬膠囊狀、錠狀且標示有每日食用限量之食品，在每日食用量中，其zeaxanthin之總含量不得高於10 mg。,限於補充食品中不足之營養素時使用。,(八) 營養添加劑
312,葉黃素,lutein,"1.型態屬膠囊狀、錠狀且標示有每日食用限量之食品，在每日食用量中，其lutein之總含量不得高於30 mg。
2.其他一般食品，在每日食用量或每300 g食品(未標示每日食用量者)中，其lutein之總含量不得高於9 mg。",限於補充食品中不足之營養素時使用。,(八) 營養添加劑
313,菸鹼酸鉻,（Niacin bound Chromium）,"1.本品可使用於標示有每日食用限量之食品，在每日食用量中，其鉻之總含量不得高於200μg。
2.本品可於特殊營養食品中視實際需要適量使用。",限於補充食品中不足之營養素時使用。,(八) 營養添加劑
314,甘氨酸亞鐵,（Ferrous Bisglycinate Chelate）,"1.形態屬膠囊狀、錠狀且標示有每日食用限量之食品，在每日食用量中，其鐵之總含量不得高於45 mg。
2.一般食品，在每日食用量或每300g食品（未標示每日食用量者）中，其鐵之總含量不得高於22.5mg。",限於補充食品中不足之營養素時使用。,(八) 營養添加劑
315,"2,3,4-三羥基丁酸鈣",（Calcium L-Threonate）,形態屬膠囊狀、錠狀且標示有每日食用限量之食品，在每日食用量中，其鈣之總含量不得高於1800mg。,限於補充食品中不足之營養素時使用。,(八) 營養添加劑
316,檸檬酸鈣,（Calcium Citrate）,"1.一般食品，在每日食用量或每300g食品（未標示每日食用量者中），其鈣之總含量不得高於1800mg。
2.嬰兒（輔助）食品，在每日食用量或每300g食品（未標示每日食用量者）中，其鈣之總含量不得高於750mg。",限於補充食品中不足之營養素時使用。,(八) 營養添加劑
317,檸檬酸鋅三水化合物,（Zinc Citrate Thihydrate）,型態屬膠囊狀、錠狀且標示有每日食用限量之食品，在每日食用量中，其鋅之總含量不得高於22.5mg。,限於補充食品中不足之營養素時使用。,(八) 營養添加劑
318,合成番茄紅素,Lycopene (Synthetic),型態屬膠囊狀、錠狀且標示有每日食用限量之食品，在每日食用量中，其lycopene之總含量不得高於20 mg。,限於補充食品中不足之營養素時使用。,(八) 營養添加劑
319,葡萄糖酸鈣,﹙Calcium Gluconate﹚,"1. 一般食品，在每日食用量或每300g食品﹙未標示每日食用量者﹚中，其鈣之總含量不得高於1800mg。
2. 嬰兒﹙輔助﹚食品，在每日食用量或每300g食品﹙未標示每日食用量者﹚中，其鈣之總含量不得高於750mg。",限於補充食品中不足之營養素時使用。,(八) 營養添加劑
320,3–羥基– 3–甲基丁酸鈣,﹙Calcium 3– Hydroxy– 3– Methyl Butyrate Monohydrate﹚,本品可於特殊營養食品中視實際需要適量使用。,不適宜孕婦及未滿18歲者食用。,(八) 營養添加劑
321,金雀異黃酮,（Synthetic Genistein）,型態屬膠囊狀、錠狀且標示有每日食用限量之食品，在每日食用量中，其genistein之總含量不得高於30 mg。,"1.	限於補充食品中不足之營養素時使用。
2.	產品須加標「孩童、嬰幼兒、孕婦及哺乳婦女不宜食用」之警語。",(八) 營養添加劑
322,β-胡蘿蔔素,β-Carotene,形態屬膠囊狀、錠狀且標示有每日食用限量之食品，在每日食用量中，其β-胡蘿蔔素換算為維生素A之總含量不得高於10000 I.U. (3000 μg R.E.) 。,限於補充食品中不足之營養素時使用。,(八) 營養添加劑
323,乙酸麥角鈣化醇酯,Ergocalciferol Acetate,形態屬膠囊狀、錠狀且標示有每日食用限量之食品，在每日食用量中，其維生素D之總含量不得高於800 I.U. (20 μg)。,限於補充食品中不足之營養素時使用。,(八) 營養添加劑
324,琥珀酸dl-α-生育醇酯,dl-α-Tocopherol Succinate (dl-α-Tocopheryl acid succinate),形態屬膠囊狀、錠狀且標示有每日食用限量之食品，在每日食用量中，其維生素E之總含量不得高於400 I.U. (268 mg d-α-tocopherol)。,限於補充食品中不足之營養素時使用。,(八) 營養添加劑
325,dl-α-生育醇琥珀酸鈣,dl-α-Tocopherol Calcium Succinate,形態屬膠囊狀、錠狀且標示有每日食用限量之食品，在每日食用量中，其維生素E之總含量不得高於400 I.U. (268 mg d-α-tocopherol)。,限於補充食品中不足之營養素時使用。,(八) 營養添加劑
326,甲萘醌亞硫酸氫鈉 (維生素K3),Menadione Sodium Bisulfite (Vitamin K3),形態屬膠囊狀、錠狀且標示有每日食用限量之食品，在每日食用量中，其維生素K3之總含量不得高於500 μg。,限於補充食品中不足之營養素時使用。,(八) 營養添加劑
327,苯磷硫胺,Benfotiamine (Benzoylthiamine Monophosphate),形態屬膠囊狀、錠狀且標示有每日食用限量之食品，在每日食用量中，其維生素B1之總含量不得高於50 mg。,限於補充食品中不足之營養素時使用。,(八) 營養添加劑
328,二硫苯甲醯硫胺,Bisbentiamine (Benzoylthiamine Disulfide),形態屬膠囊狀、錠狀且標示有每日食用限量之食品，在每日食用量中，其維生素B1之總含量不得高於50 mg。,限於補充食品中不足之營養素時使用。,(八) 營養添加劑
329,雙硫丁異胺,Bisibuthiamine,形態屬膠囊狀、錠狀且標示有每日食用限量之食品，在每日食用量中，其維生素B1之總含量不得高於50 mg。,限於補充食品中不足之營養素時使用。,(八) 營養添加劑
330,硝酸二硫胺,Bisthiamine Nitrate  (Thiamine Disulfide Nitrate),形態屬膠囊狀、錠狀且標示有每日食用限量之食品，在每日食用量中，其維生素B1之總含量不得高於50 mg。,限於補充食品中不足之營養素時使用。,(八) 營養添加劑
331,焦磷酸硫胺,Co-Carboxylase  (Thiamine Pyrophosphate),形態屬膠囊狀、錠狀且標示有每日食用限量之食品，在每日食用量中，其維生素B1之總含量不得高於50 mg。,限於補充食品中不足之營養素時使用。,(八) 營養添加劑
332,環硫胺,Cycothiamine,形態屬膠囊狀、錠狀且標示有每日食用限量之食品，在每日食用量中，其維生素B1之總含量不得高於50 mg。,限於補充食品中不足之營養素時使用。,(八) 營養添加劑
333,鹽酸基硫胺,Dicethiamine Hydrochloride,形態屬膠囊狀、錠狀且標示有每日食用限量之食品，在每日食用量中，其維生素B1之總含量不得高於50 mg。,限於補充食品中不足之營養素時使用。,(八) 營養添加劑
334,呋喃硫胺,Fursultiamine,形態屬膠囊狀、錠狀且標示有每日食用限量之食品，在每日食用量中，其維生素B1之總含量不得高於50 mg。,限於補充食品中不足之營養素時使用。,(八) 營養添加劑
335,鹽酸呋喃硫胺,Fursultiamine Hydrochloride,形態屬膠囊狀、錠狀且標示有每日食用限量之食品，在每日食用量中，其維生素B1之總含量不得高於50 mg。,限於補充食品中不足之營養素時使用。,(八) 營養添加劑
336,硫辛酸硫胺,Octotiamine,形態屬膠囊狀、錠狀且標示有每日食用限量之食品，在每日食用量中，其維生素B1之總含量不得高於50 mg。,限於補充食品中不足之營養素時使用。,(八) 營養添加劑
337,丙硫硫胺,Prosultiamine,形態屬膠囊狀、錠狀且標示有每日食用限量之食品，在每日食用量中，其維生素B1之總含量不得高於50 mg。,限於補充食品中不足之營養素時使用。,(八) 營養添加劑
338,原硫胺,Prothiamine,形態屬膠囊狀、錠狀且標示有每日食用限量之食品，在每日食用量中，其維生素B1之總含量不得高於50 mg。,限於補充食品中不足之營養素時使用。,(八) 營養添加劑
339,硫胺素十六烷基硫酸鹽,Thiamine Dicetylsulfate,形態屬膠囊狀、錠狀且標示有每日食用限量之食品，在每日食用量中，其維生素B1之總含量不得高於50 mg。,限於補充食品中不足之營養素時使用。,(八) 營養添加劑
340,二硫化硫胺,Thiamine Disulfide,形態屬膠囊狀、錠狀且標示有每日食用限量之食品，在每日食用量中，其維生素B1之總含量不得高於50 mg。,限於補充食品中不足之營養素時使用。,(八) 營養添加劑
341,核黃素磷酸,Riboflavin Phosphate,形態屬膠囊狀、錠狀且標示有每日食用限量之食品，在每日食用量中，其維生素B2之總含量不得高於100 mg。,限於補充食品中不足之營養素時使用。,(八) 營養添加劑
342,核黃素四丁酸酯,Riboflavin Tetrabutyrate (Riboflavin Butyrate),形態屬膠囊狀、錠狀且標示有每日食用限量之食品，在每日食用量中，其維生素B2之總含量不得高於100 mg。,限於補充食品中不足之營養素時使用。,(八) 營養添加劑
343,d-泛醇,d-Panthenol,形態屬膠囊狀、錠狀且標示有每日食用限量之食品，在每日食用量中，其泛酸之總含量不得高於500 mg。,限於補充食品中不足之營養素時使用。,(八) 營養添加劑
344,dl-泛醇,dl-Panthenol,形態屬膠囊狀、錠狀且標示有每日食用限量之食品，在每日食用量中，其泛酸之總含量不得高於500 mg。,限於補充食品中不足之營養素時使用。,(八) 營養添加劑
345,吡哆醛,Pyridoxal,形態屬膠囊狀、錠狀且標示有每日食用限量之食品，在每日食用量中，其維生素B6之總含量不得高於80 mg。,限於補充食品中不足之營養素時使用。,(八) 營養添加劑
346,吡哆醛鹽酸鹽,Pyridoxal Hydrochloride,形態屬膠囊狀、錠狀且標示有每日食用限量之食品，在每日食用量中，其維生素B6之總含量不得高於80 mg。,限於補充食品中不足之營養素時使用。,(八) 營養添加劑
347,吡哆醛磷酸鈣,Pyridoxal-5- Phosphate  (Calcium Salt),形態屬膠囊狀、錠狀且標示有每日食用限量之食品，在每日食用量中，其維生素B6之總含量不得高於80 mg。,限於補充食品中不足之營養素時使用。,(八) 營養添加劑
348,磷酸吡哆醛,Pyridoxal Phosphate,形態屬膠囊狀、錠狀且標示有每日食用限量之食品，在每日食用量中，其維生素B6之總含量不得高於80 mg。,限於補充食品中不足之營養素時使用。,(八) 營養添加劑
349,吡哆醛磷酸鈉,Pyridoxal Phosphate Sodium,形態屬膠囊狀、錠狀且標示有每日食用限量之食品，在每日食用量中，其維生素B6之總含量不得高於80 mg。,限於補充食品中不足之營養素時使用。,(八) 營養添加劑
350,吡哆醇,Pyridoxine,形態屬膠囊狀、錠狀且標示有每日食用限量之食品，在每日食用量中，其維生素B6之總含量不得高於80 mg。,限於補充食品中不足之營養素時使用。,(八) 營養添加劑
351,吡哆醇-5-磷酸,Pyridoxine-5- Phosphate,形態屬膠囊狀、錠狀且標示有每日食用限量之食品，在每日食用量中，其維生素B6之總含量不得高於80 mg。,限於補充食品中不足之營養素時使用。,(八) 營養添加劑
352,吡哆胺,Pyridoxamine,形態屬膠囊狀、錠狀且標示有每日食用限量之食品，在每日食用量中，其維生素B6之總含量不得高於80 mg。,限於補充食品中不足之營養素時使用。,(八) 營養添加劑
353,吡哆胺-5-磷酸,Pyridoxamine-5- Phosphate,形態屬膠囊狀、錠狀且標示有每日食用限量之食品，在每日食用量中，其維生素B6之總含量不得高於80 mg。,限於補充食品中不足之營養素時使用。,(八) 營養添加劑
354,羥鈷胺,Hydroxocobalamin,形態屬膠囊狀、錠狀且標示有每日食用限量之食品，在每日食用量中，其維生素B12之總含量不得高於1000 μg。,限於補充食品中不足之營養素時使用。,(八) 營養添加劑
355,醋酸羥鈷胺,Hydroxocobalamin Acetate,形態屬膠囊狀、錠狀且標示有每日食用限量之食品，在每日食用量中，其維生素B12之總含量不得高於1000 μg。,限於補充食品中不足之營養素時使用。,(八) 營養添加劑
356,鹽酸羥鈷胺,Hydroxocobalamin Hydrochloride,形態屬膠囊狀、錠狀且標示有每日食用限量之食品，在每日食用量中，其維生素B12之總含量不得高於1000 μg。,限於補充食品中不足之營養素時使用。,(八) 營養添加劑
357,甲鈷胺(甲基鈷胺),Mecobalamin/ Methylcobalamin,形態屬膠囊狀、錠狀且標示有每日食用限量之食品，在每日食用量中，其維生素B12之總含量不得高於1000 μg。,限於補充食品中不足之營養素時使用。,(八) 營養添加劑
358,抗壞血酸鎂,Magnesium Ascorbate,形態屬膠囊狀、錠狀且標示有每日食用限量之食品，在每日食用量中，其維生素C之總含量不得高於1000 mg。,限於補充食品中不足之營養素時使用。,(八) 營養添加劑
359,抗壞血酸菸鹼醯胺,Niacinamide Ascorbate,形態屬膠囊狀、錠狀且標示有每日食用限量之食品，在每日食用量中，其菸鹼素之總含量不得高於100 mg N.E.。,限於補充食品中不足之營養素時使用。,(八) 營養添加劑
360,抗壞血酸鉀,Potassium Ascorbate,形態屬膠囊狀、錠狀且標示有每日食用限量之食品，在每日食用量中，其鉀之總含量不得高於80 mg。,限於補充食品中不足之營養素時使用。,(八) 營養添加劑
361,硼酸,Boracic Acid/ Orthoboric Acid,形態屬膠囊狀、錠狀且標示有每日食用限量之食品，在每日食用量中，其硼之總含量不得高於700 μg。,限於補充食品中不足之營養素時使用。,(八) 營養添加劑
362,天門冬胺酸硼,Boron Aspartate,形態屬膠囊狀、錠狀且標示有每日食用限量之食品，在每日食用量中，其硼之總含量不得高於700 μg。,限於補充食品中不足之營養素時使用。,(八) 營養添加劑
363,檸檬酸硼,Boron Citrate,形態屬膠囊狀、錠狀且標示有每日食用限量之食品，在每日食用量中，其硼之總含量不得高於700 μg。,限於補充食品中不足之營養素時使用。,(八) 營養添加劑
364,甘胺酸硼,Boron Glycinate,形態屬膠囊狀、錠狀且標示有每日食用限量之食品，在每日食用量中，其硼之總含量不得高於700 μg。,限於補充食品中不足之營養素時使用。,(八) 營養添加劑
365,硼酸鈣/焦硼酸鈣/四硼酸鈣,Calcium Borate/ Calcium Pyroborate/ Calcium Tetraborate,形態屬膠囊狀、錠狀且標示有每日食用限量之食品，在每日食用量中，其硼之總含量不得高於700 μg。,限於補充食品中不足之營養素時使用。,(八) 營養添加劑
366,硼葡萄糖酸鈣,Calcium Borogluconate/ Calcium Diborogluconate,形態屬膠囊狀、錠狀且標示有每日食用限量之食品，在每日食用量中，其硼之總含量不得高於700 μg。,限於補充食品中不足之營養素時使用。,(八) 營養添加劑
367,果糖硼酸鈣,Calcium Fructoborate,形態屬膠囊狀、錠狀且標示有每日食用限量之食品，在每日食用量中，其硼之總含量不得高於700 μg。,限於補充食品中不足之營養素時使用。,(八) 營養添加劑
368,硼酸鎂,Magnesium Borate,形態屬膠囊狀、錠狀且標示有每日食用限量之食品，在每日食用量中，其硼之總含量不得高於700 μg。,限於補充食品中不足之營養素時使用。,(八) 營養添加劑
369,甘油磷酸鈣,Calcium Glycerophosphate,形態屬膠囊狀、錠狀且標示有每日食用限量之食品，在每日食用量中，其鈣之總含量不得高於1800 mg。,限於補充食品中不足之營養素時使用。,(八) 營養添加劑
370,醋酸鈣,Calcium Acetate,形態屬膠囊狀、錠狀且標示有每日食用限量之食品，在每日食用量中，其鈣之總含量不得高於1800 mg。,限於補充食品中不足之營養素時使用。,(八) 營養添加劑
371,甘胺酸鈣,Calcium Bisglycinate,形態屬膠囊狀、錠狀且標示有每日食用限量之食品，在每日食用量中，其鈣之總含量不得高於1800 mg。,限於補充食品中不足之營養素時使用。,(八) 營養添加劑
372,氯化鈣,Calcium Chloride,形態屬膠囊狀、錠狀且標示有每日食用限量之食品，在每日食用量中，其鈣之總含量不得高於1800 mg。,限於補充食品中不足之營養素時使用。,(八) 營養添加劑
373,檸檬酸蘋果酸鈣,Calcium Citrate Malate,形態屬膠囊狀、錠狀且標示有每日食用限量之食品，在每日食用量中，其鈣之總含量不得高於1800 mg。,限於補充食品中不足之營養素時使用。,(八) 營養添加劑
374,反丁烯二酸鈣,Calcium Fumarate,形態屬膠囊狀、錠狀且標示有每日食用限量之食品，在每日食用量中，其鈣之總含量不得高於1800 mg。,限於補充食品中不足之營養素時使用。,(八) 營養添加劑
375,葡乳醛酸鈣,Calcium Glubionate,形態屬膠囊狀、錠狀且標示有每日食用限量之食品，在每日食用量中，其鈣之總含量不得高於1800 mg。,限於補充食品中不足之營養素時使用。,(八) 營養添加劑
376,葡庚糖酸鈣,Calcium Gluceptate,形態屬膠囊狀、錠狀且標示有每日食用限量之食品，在每日食用量中，其鈣之總含量不得高於1800 mg。,限於補充食品中不足之營養素時使用。,(八) 營養添加劑
377,戊二酸鈣,Calcium Glutarate,形態屬膠囊狀、錠狀且標示有每日食用限量之食品，在每日食用量中，其鈣之總含量不得高於1800 mg。,限於補充食品中不足之營養素時使用。,(八) 營養添加劑
378,氫氧化鈣,Calcium Hydroxide,形態屬膠囊狀、錠狀且標示有每日食用限量之食品，在每日食用量中，其鈣之總含量不得高於1800 mg。,限於補充食品中不足之營養素時使用。,(八) 營養添加劑
379,乳糖酸鈣,Calcium Lactobionate,形態屬膠囊狀、錠狀且標示有每日食用限量之食品，在每日食用量中，其鈣之總含量不得高於1800 mg。,限於補充食品中不足之營養素時使用。,(八) 營養添加劑
380,乙醯丙酸鈣,Calcium Levulinate,形態屬膠囊狀、錠狀且標示有每日食用限量之食品，在每日食用量中，其鈣之總含量不得高於1800 mg。,限於補充食品中不足之營養素時使用。,(八) 營養添加劑
381,蘋果酸鈣,Calcium Malate,形態屬膠囊狀、錠狀且標示有每日食用限量之食品，在每日食用量中，其鈣之總含量不得高於1800 mg。,限於補充食品中不足之營養素時使用。,(八) 營養添加劑
382,吡酮酸鈣,Calcium Pidolate,形態屬膠囊狀、錠狀且標示有每日食用限量之食品，在每日食用量中，其鈣之總含量不得高於1800 mg。,限於補充食品中不足之營養素時使用。,(八) 營養添加劑
383,焦磷酸鈣,Calcium Pyrophosphate,形態屬膠囊狀、錠狀且標示有每日食用限量之食品，在每日食用量中，其鈣之總含量不得高於1800 mg。,限於補充食品中不足之營養素時使用。,(八) 營養添加劑
384,矽酸鈣,Calcium Silicate,形態屬膠囊狀、錠狀且標示有每日食用限量之食品，在每日食用量中，其鈣之總含量不得高於1800 mg。,限於補充食品中不足之營養素時使用。,(八) 營養添加劑
385,乳酸鈉鈣,Calcium Sodium Lactate,形態屬膠囊狀、錠狀且標示有每日食用限量之食品，在每日食用量中，其鈣之總含量不得高於1800 mg。,限於補充食品中不足之營養素時使用。,(八) 營養添加劑
386,琥珀酸鈣,Calcium Succinate,形態屬膠囊狀、錠狀且標示有每日食用限量之食品，在每日食用量中，其鈣之總含量不得高於1800 mg。,限於補充食品中不足之營養素時使用。,(八) 營養添加劑
387,硫酸鈣,Calcium Sulfate,形態屬膠囊狀、錠狀且標示有每日食用限量之食品，在每日食用量中，其鈣之總含量不得高於1800 mg。,限於補充食品中不足之營養素時使用。,(八) 營養添加劑
388,酪蛋白鈣,Casein Calcium  (Calcium Caseinate),形態屬膠囊狀、錠狀且標示有每日食用限量之食品，在每日食用量中，其鈣之總含量不得高於1800 mg。,限於補充食品中不足之營養素時使用。,(八) 營養添加劑
389,胺基酸螯合鈣,Calcium Amino Acid Chelate,形態屬膠囊狀、錠狀且標示有每日食用限量之食品，在每日食用量中，其鈣之總含量不得高於1800 mg。,限於補充食品中不足之營養素時使用。,(八) 營養添加劑
390,氟化鈣,Calcium Fluoride,形態屬膠囊狀、錠狀且標示有每日食用限量之食品，在每日食用量中，其氟之總含量不得高於3 mg。,限於補充食品中不足之營養素時使用。,(八) 營養添加劑
391,甘胺酸鉻,Chromium (Ⅲ) Bisglycinate (Chromic Bisglycinate),形態屬膠囊狀、錠狀且標示有每日食用限量之食品，在每日食用量中，其鉻之總含量不得高於200 μg。,限於補充食品中不足之營養素時使用。,(八) 營養添加劑
392,檸檬酸鉻,Chromium (Ⅲ) Citrate (Chromic Citrate),形態屬膠囊狀、錠狀且標示有每日食用限量之食品，在每日食用量中，其鉻之總含量不得高於200 μg。,限於補充食品中不足之營養素時使用。,(八) 營養添加劑
393,反丁烯二酸鉻,Chromium (Ⅲ) Fumarate (Chromic Fumarate),形態屬膠囊狀、錠狀且標示有每日食用限量之食品，在每日食用量中，其鉻之總含量不得高於200 μg。,限於補充食品中不足之營養素時使用。,(八) 營養添加劑
394,戊二酸鉻,Chromium (Ⅲ) Glutarate (Chromic Glutarate),形態屬膠囊狀、錠狀且標示有每日食用限量之食品，在每日食用量中，其鉻之總含量不得高於200 μg。,限於補充食品中不足之營養素時使用。,(八) 營養添加劑
395,HAP 螯合鉻,Chromium (Ⅲ) HAP Chelate (Chromic HAP Chelate),形態屬膠囊狀、錠狀且標示有每日食用限量之食品，在每日食用量中，其鉻之總含量不得高於200 μg。,限於補充食品中不足之營養素時使用。,(八) 營養添加劑
396,HVP 螯合鉻,Chromium (Ⅲ) HVP Chelate (Chromic HVP Chelate),形態屬膠囊狀、錠狀且標示有每日食用限量之食品，在每日食用量中，其鉻之總含量不得高於200 μg。,限於補充食品中不足之營養素時使用。,(八) 營養添加劑
397,吡酮酸鉻,Chromium (Ⅲ) Pidolate (Chromic Pidolate),形態屬膠囊狀、錠狀且標示有每日食用限量之食品，在每日食用量中，其鉻之總含量不得高於200 μg。,限於補充食品中不足之營養素時使用。,(八) 營養添加劑
398,硫酸鉻鉀,Chromium (Ⅲ) Potassium Sulfate (Chromic Potassium Sulfate),形態屬膠囊狀、錠狀且標示有每日食用限量之食品，在每日食用量中，其鉻之總含量不得高於200 μg。,限於補充食品中不足之營養素時使用。,(八) 營養添加劑
399,琥珀酸鉻,Chromium (Ⅲ) Succinate (Chromic Succinate),形態屬膠囊狀、錠狀且標示有每日食用限量之食品，在每日食用量中，其鉻之總含量不得高於200 μg。,限於補充食品中不足之營養素時使用。,(八) 營養添加劑
400,硝酸鉻,Chromic Nitrate,形態屬膠囊狀、錠狀且標示有每日食用限量之食品，在每日食用量中，其鉻之總含量不得高於200 μg。,限於補充食品中不足之營養素時使用。,(八) 營養添加劑
401,氧化銅,Copper Oxide,形態屬膠囊狀、錠狀且標示有每日食用限量之食品，在每日食用量中，其銅之總含量不得高於8 mg。,限於補充食品中不足之營養素時使用。,(八) 營養添加劑
402,依地酸鈣銅,Calcium Copper Edetate,形態屬膠囊狀、錠狀且標示有每日食用限量之食品，在每日食用量中，其銅之總含量不得高於8 mg。,限於補充食品中不足之營養素時使用。,(八) 營養添加劑
403,醋酸銅,Copper (Ⅱ) Acetate  (Cupric Acetate),形態屬膠囊狀、錠狀且標示有每日食用限量之食品，在每日食用量中，其銅之總含量不得高於8 mg。,限於補充食品中不足之營養素時使用。,(八) 營養添加劑
404,甘胺酸銅,Copper (Ⅱ) Bisglycinate  (Cupric Bisglycinate),形態屬膠囊狀、錠狀且標示有每日食用限量之食品，在每日食用量中，其銅之總含量不得高於8 mg。,限於補充食品中不足之營養素時使用,(八) 營養添加劑
405,碳酸銅,Copper (Ⅱ) Carbonate  (Cupric Carbonate),形態屬膠囊狀、錠狀且標示有每日食用限量之食品，在每日食用量中，其銅之總含量不得高於8 mg。,限於補充食品中不足之營養素時使用。,(八) 營養添加劑
406,氯化銅,Copper (Ⅱ) Chloride  (Cupric Chloride),形態屬膠囊狀、錠狀且標示有每日食用限量之食品，在每日食用量中，其銅之總含量不得高於8 mg。,限於補充食品中不足之營養素時使用。,(八) 營養添加劑
407,反丁烯二酸銅,Copper (Ⅱ) Fumarate  (Cupric Fumarate),形態屬膠囊狀、錠狀且標示有每日食用限量之食品，在每日食用量中，其銅之總含量不得高於8 mg。,限於補充食品中不足之營養素時使用。,(八) 營養添加劑
408,戊二酸銅,Copper (Ⅱ) Glutarate  (Cupric Glutarate),形態屬膠囊狀、錠狀且標示有每日食用限量之食品，在每日食用量中，其銅之總含量不得高於8 mg。,限於補充食品中不足之營養素時使用。,(八) 營養添加劑
409,HAP 螯合銅,Copper (Ⅱ) HAP Chelate  (Cupric HAP Chelate),形態屬膠囊狀、錠狀且標示有每日食用限量之食品，在每日食用量中，其銅之總含量不得高於8 mg。,限於補充食品中不足之營養素時使用。,(八) 營養添加劑
410,HVP 螯合銅,Copper (Ⅱ) HVP Chelate (Cupric HVP Chelate),形態屬膠囊狀、錠狀且標示有每日食用限量之食品，在每日食用量中，其銅之總含量不得高於8 mg。,限於補充食品中不足之營養素時使用。,(八) 營養添加劑
411,蘋果酸銅,Copper (Ⅱ) Malate  (Cupric Malate),形態屬膠囊狀、錠狀且標示有每日食用限量之食品，在每日食用量中，其銅之總含量不得高於8 mg。,限於補充食品中不足之營養素時使用。,(八) 營養添加劑
412,琥珀酸銅,Copper (Ⅱ) Succinate  (Cupric Succinate),形態屬膠囊狀、錠狀且標示有每日食用限量之食品，在每日食用量中，其銅之總含量不得高於8 mg。,限於補充食品中不足之營養素時使用。,(八) 營養添加劑
413,碘化鈉,Sodium Iodide,形態屬膠囊狀、錠狀且標示有每日食用限量之食品，在每日食用量中，其碘之總含量不得高於195 μg。,限於補充食品中不足之營養素時使用。,(八) 營養添加劑
414,鐵蛋白,Ferritin,形態屬膠囊狀、錠狀且標示有每日食用限量之食品，在每日食用量中，其鐵之總含量不得高於45 mg。,限於補充食品中不足之營養素時使用。,(八) 營養添加劑
415,膽酸亞鐵,Ferrocholinate,形態屬膠囊狀、錠狀且標示有每日食用限量之食品，在每日食用量中，其鐵之總含量不得高於45 mg。,限於補充食品中不足之營養素時使用。,(八) 營養添加劑
416,抗壞血酸亞鐵,Ferrous Ascorbate (Iron (Ⅱ) Ascorbate),形態屬膠囊狀、錠狀且標示有每日食用限量之食品，在每日食用量中，其鐵之總含量不得高於45 mg。,限於補充食品中不足之營養素時使用。,(八) 營養添加劑
417,天門冬胺酸亞鐵,Ferrous Aspartate  (Iron (Ⅱ) Aspartate),形態屬膠囊狀、錠狀且標示有每日食用限量之食品，在每日食用量中，其鐵之總含量不得高於45 mg。,限於補充食品中不足之營養素時使用。,(八) 營養添加劑
418,碳酸亞鐵,Ferrous Carbonate  (Iron (Ⅱ) Carbonate),形態屬膠囊狀、錠狀且標示有每日食用限量之食品，在每日食用量中，其鐵之總含量不得高於45 mg。,限於補充食品中不足之營養素時使用。,(八) 營養添加劑
419,氯化亞鐵,Ferrous Chloride  (Iron (Ⅱ) Chloride),形態屬膠囊狀、錠狀且標示有每日食用限量之食品，在每日食用量中，其鐵之總含量不得高於45 mg。,限於補充食品中不足之營養素時使用。,(八) 營養添加劑
420,檸檬酸亞鐵,Ferrous Citrate  (Iron (Ⅱ) Citrate),形態屬膠囊狀、錠狀且標示有每日食用限量之食品，在每日食用量中，其鐵之總含量不得高於45 mg。,限於補充食品中不足之營養素時使用。,(八) 營養添加劑
421,葡庚糖酸亞鐵,Ferrous Gluceptate  (Iron (Ⅱ) Gluceptate),形態屬膠囊狀、錠狀且標示有每日食用限量之食品，在每日食用量中，其鐵之總含量不得高於45 mg。,限於補充食品中不足之營養素時使用。,(八) 營養添加劑
422,無水葡萄糖酸亞鐵,Ferrous Gluconate Dehydrate (Iron (Ⅱ) Gluconate Dehydrate),形態屬膠囊狀、錠狀且標示有每日食用限量之食品，在每日食用量中，其鐵之總含量不得高於45 mg。,限於補充食品中不足之營養素時使用。,(八) 營養添加劑
423,戊二酸亞鐵,Ferrous Glutarate  (Iron (Ⅱ) Glutarate),形態屬膠囊狀、錠狀且標示有每日食用限量之食品，在每日食用量中，其鐵之總含量不得高於45 mg。,限於補充食品中不足之營養素時使用。,(八) 營養添加劑
424,甘胺酸硫酸亞鐵,Ferrous Glycine Sulfate (Iron (Ⅱ) Glycine Sulfate),形態屬膠囊狀、錠狀且標示有每日食用限量之食品，在每日食用量中，其鐵之總含量不得高於45 mg。,限於補充食品中不足之營養素時使用。,(八) 營養添加劑
425,蘋果酸亞鐵,Ferrous Malate  (Iron (Ⅱ) Malate),形態屬膠囊狀、錠狀且標示有每日食用限量之食品，在每日食用量中，其鐵之總含量不得高於45 mg。,限於補充食品中不足之營養素時使用。,(八) 營養添加劑
426,草酸亞鐵,Ferrous Oxalate (Iron (Ⅱ) Oxalate),形態屬膠囊狀、錠狀且標示有每日食用限量之食品，在每日食用量中，其鐵之總含量不得高於45 mg。,限於補充食品中不足之營養素時使用。,(八) 營養添加劑
427,琥珀酸亞鐵,Ferrous Succinate  (Iron (Ⅱ) Succinate),形態屬膠囊狀、錠狀且標示有每日食用限量之食品，在每日食用量中，其鐵之總含量不得高於45 mg。,限於補充食品中不足之營養素時使用。,(八) 營養添加劑
428,單水硫酸亞鐵(乾燥),Ferrous Sulfate Dried (Monohydrate) (Iron (Ⅱ) Sulfate Dried (Monohydrate)),"1.形態屬膠囊狀、錠狀且標示有每日食用限量之食品，在每日食用量中，其鐵之總含量不得高於45 mg。
2.一般食品，在每日食用量或每300 g食品(未標示每日食用量者)中，其鐵之總含量不得高於22.5 mg。
3.嬰兒(輔助)食品，在每日食用量或每300g食品(未標示每日食用量者)中，其鐵之總含量不得高於15 mg。
4.本品可於特殊營養食品中視實際需要適量使用。",限於補充食品中不足之營養素時使用。,(八) 營養添加劑
429,酒石酸亞鐵,Ferrous Tartrate  (Iron (Ⅱ) Tartrate),形態屬膠囊狀、錠狀且標示有每日食用限量之食品，在每日食用量中，其鐵之總含量不得高於45 mg。,限於補充食品中不足之營養素時使用。,(八) 營養添加劑
430,甘油磷酸亞鐵,Ferrous Glycerophosphate  (Iron (Ⅱ) Glycerophosphate),形態屬膠囊狀、錠狀且標示有每日食用限量之食品，在每日食用量中，其鐵之總含量不得高於45 mg。,限於補充食品中不足之營養素時使用。,(八) 營養添加劑
431,無水硫酸亞鐵,Ferrous Sulfate Dehydrate,形態屬膠囊狀、錠狀且標示有每日食用限量之食品，在每日食用量中，其鐵之總含量不得高於45 mg。,限於補充食品中不足之營養素時使用。,(八) 營養添加劑
432,醋酸鎂,Magnesium Acetate,形態屬膠囊狀、錠狀且標示有每日食用限量之食品，在每日食用量中，其鎂之總含量不得高於600 mg。,限於補充食品中不足之營養素時使用。,(八) 營養添加劑
433,天門冬胺酸鎂,Magnesium Aspartate,形態屬膠囊狀、錠狀且標示有每日食用限量之食品，在每日食用量中，其鎂之總含量不得高於600 mg。,限於補充食品中不足之營養素時使用。,(八) 營養添加劑
434,甘胺酸鎂,Magnesium Bisglycinate,形態屬膠囊狀、錠狀且標示有每日食用限量之食品，在每日食用量中，其鎂之總含量不得高於600 mg。,限於補充食品中不足之營養素時使用。,(八) 營養添加劑
435,碳酸鎂,Magnesium Carbonate,形態屬膠囊狀、錠狀且標示有每日食用限量之食品，在每日食用量中，其鎂之總含量不得高於600 mg。,限於補充食品中不足之營養素時使用。,(八) 營養添加劑
436,氯化鎂,Magnesium Chloride,形態屬膠囊狀、錠狀且標示有每日食用限量之食品，在每日食用量中，其鎂之總含量不得高於600 mg。,限於補充食品中不足之營養素時使用。,(八) 營養添加劑
437,檸檬酸鎂,Magnesium Citrate,"1.形態屬膠囊狀、錠狀且標示有每日食用限量之食品，在每日食用量中，其鎂之總含量不得高於600 mg。

2.本品可用於標示適用早產兒之嬰兒（輔助）食品。在每日食用量中，其鎂之總含量不得高於40 mg。",限於補充食品中不足之營養素時使用。,(八) 營養添加劑
438,反丁烯二酸鎂,Magnesium Fumarate,形態屬膠囊狀、錠狀且標示有每日食用限量之食品，在每日食用量中，其鎂之總含量不得高於600 mg。,限於補充食品中不足之營養素時使用。,(八) 營養添加劑
439,葡庚糖酸鎂,Magnesium Gluceptate,形態屬膠囊狀、錠狀且標示有每日食用限量之食品，在每日食用量中，其鎂之總含量不得高於600 mg。,限於補充食品中不足之營養素時使用。,(八) 營養添加劑
440,戊二酸鎂,Magnesium Glutarate,形態屬膠囊狀、錠狀且標示有每日食用限量之食品，在每日食用量中，其鎂之總含量不得高於600 mg。,限於補充食品中不足之營養素時使用。,(八) 營養添加劑
441,甘油磷酸鎂,Magnesium Glycerophosphate,形態屬膠囊狀、錠狀且標示有每日食用限量之食品，在每日食用量中，其鎂之總含量不得高於600 mg。,限於補充食品中不足之營養素時使用。,(八) 營養添加劑
442,乳酸鎂,Magnesium Lactate,形態屬膠囊狀、錠狀且標示有每日食用限量之食品，在每日食用量中，其鎂之總含量不得高於600 mg。,限於補充食品中不足之營養素時使用。,(八) 營養添加劑
443,蘋果酸鎂,Magnesium Malate,形態屬膠囊狀、錠狀且標示有每日食用限量之食品，在每日食用量中，其鎂之總含量不得高於600 mg。,限於補充食品中不足之營養素時使用。,(八) 營養添加劑
444,吡酮酸鎂,Magnesium Pidolate,形態屬膠囊狀、錠狀且標示有每日食用限量之食品，在每日食用量中，其鎂之總含量不得高於600 mg。,限於補充食品中不足之營養素時使用。,(八) 營養添加劑
445,琥珀酸鎂,Magnesium Succinate,形態屬膠囊狀、錠狀且標示有每日食用限量之食品，在每日食用量中，其鎂之總含量不得高於600 mg。,限於補充食品中不足之營養素時使用。,(八) 營養添加劑
446,甘胺酸錳,Manganese (Ⅱ) Bisglycinate (Manganous Bisglycinate ),形態屬膠囊狀、錠狀且標示有每日食用限量之食品，在每日食用量中，其錳之總含量不得高於9 mg。,限於補充食品中不足之營養素時使用。,(八) 營養添加劑
447,HAP 螯合錳,Manganese (Ⅱ) HAP Chelate (Manganous HAP Chelate),形態屬膠囊狀、錠狀且標示有每日食用限量之食品，在每日食用量中，其錳之總含量不得高於9 mg。,限於補充食品中不足之營養素時使用。,(八) 營養添加劑
448,HVP 螯合錳,Manganese (Ⅱ) HVP Chelate (Manganous HVP Chelate),形態屬膠囊狀、錠狀且標示有每日食用限量之食品，在每日食用量中，其錳之總含量不得高於9 mg。,限於補充食品中不足之營養素時使用。,(八) 營養添加劑
449,鉬酸銨,Ammonium Molybdate (Ⅵ),形態屬膠囊狀、錠狀且標示有每日食用限量之食品，在每日食用量中，其鉬之總含量不得高於350 μg。,限於補充食品中不足之營養素時使用。,(八) 營養添加劑
450,甘胺酸鉬,Molybdenum Bisglycinate,形態屬膠囊狀、錠狀且標示有每日食用限量之食品，在每日食用量中，其鉬之總含量不得高於350 μg。,限於補充食品中不足之營養素時使用。,(八) 營養添加劑
451,檸檬酸鉬,Molybdenum Citrate,形態屬膠囊狀、錠狀且標示有每日食用限量之食品，在每日食用量中，其鉬之總含量不得高於350 μg。,限於補充食品中不足之營養素時使用。,(八) 營養添加劑
452,反丁烯二酸鉬,Molybdenum Fumarate,形態屬膠囊狀、錠狀且標示有每日食用限量之食品，在每日食用量中，其鉬之總含量不得高於350 μg。,限於補充食品中不足之營養素時使用。,(八) 營養添加劑
453,戊二酸鉬,Molybdenum Glutarate,形態屬膠囊狀、錠狀且標示有每日食用限量之食品，在每日食用量中，其鉬之總含量不得高於350 μg。,限於補充食品中不足之營養素時使用。,(八) 營養添加劑
454,HAP 螯合鉬,Molybdenum HAP Chelate,形態屬膠囊狀、錠狀且標示有每日食用限量之食品，在每日食用量中，其鉬之總含量不得高於350 μg。,限於補充食品中不足之營養素時使用。,(八) 營養添加劑
455,HVP 螯合鉬,Molybdenum HVP Chelate,形態屬膠囊狀、錠狀且標示有每日食用限量之食品，在每日食用量中，其鉬之總含量不得高於350 μg。,限於補充食品中不足之營養素時使用。,(八) 營養添加劑
456,蘋果酸鉬,Molybdenum Malate,形態屬膠囊狀、錠狀且標示有每日食用限量之食品，在每日食用量中，其鉬之總含量不得高於350 μg。,限於補充食品中不足之營養素時使用。,(八) 營養添加劑
457,琥珀酸鉬,Molybdenum Succinate,形態屬膠囊狀、錠狀且標示有每日食用限量之食品，在每日食用量中，其鉬之總含量不得高於350 μg。,限於補充食品中不足之營養素時使用。,(八) 營養添加劑
458,鉬酸鈉,Sodium Molybdate (Ⅵ),"1.形態屬膠囊狀、錠狀且標示有每日食用限量之食品，在每日食用量中，其鉬之總含量不得高於350 μg。
2.本品可於特殊營養食品中視實際需要適量使用。",限於補充食品中不足之營養素時使用。,(八) 營養添加劑
459,硫酸鎳,Nickel (Ⅱ) Sulfate,形態屬膠囊狀、錠狀且標示有每日食用限量之食品，在每日食用量中，其鎳之總含量不得高於350 μg。,限於補充食品中不足之營養素時使用。,(八) 營養添加劑
460,磷酸氫二鉀,"Potassium Phosphate, Dibasic",形態屬膠囊狀、錠狀且標示有每日食用限量之食品，在每日食用量中，其磷之總含量不得高於1200 mg。,限於補充食品中不足之營養素時使用。,(八) 營養添加劑
461,磷酸二氫鉀,Potassium Dihydrogen Phosphate,"1.形態屬膠囊狀、錠狀且標示有每日食用限量之食品，在每日食用量中，其磷之總含量不得高於1200 mg。
2.本品可於特殊營養食品中視實際需要適量使用。
3.本品可於適用三歲以下幼兒之奶粉中視實際需要適量使用，且最終產品之鈣磷比需在1.0以上，2.0以下。",限於補充食品中不足之營養素時使用。,(八) 營養添加劑
462,磷酸氫二鈉,"Sodium Phosphate, Dibasic",形態屬膠囊狀、錠狀且標示有每日食用限量之食品，在每日食用量中，其磷之總含量不得高於1200 mg。,限於補充食品中不足之營養素時使用。,(八) 營養添加劑
463,磷酸二氫鈉,Sodium Dihydrogen Phosphate,形態屬膠囊狀、錠狀且標示有每日食用限量之食品，在每日食用量中，其磷之總含量不得高於1200 mg。,限於補充食品中不足之營養素時使用。,(八) 營養添加劑
464,硫酸鉀,Potassium Sulfate,形態屬膠囊狀、錠狀且標示有每日食用限量之食品，在每日食用量中，其鉀之總含量不得高於80 mg。,限於補充食品中不足之營養素時使用。,(八) 營養添加劑
465,二氧化硒,Selenium Dioxide,形態屬膠囊狀、錠狀且標示有每日食用限量之食品，在每日食用量中，其硒之總含量不得高於200 μg。,限於補充食品中不足之營養素時使用。,(八) 營養添加劑
466,檸檬酸硒,Selenium Citrate,形態屬膠囊狀、錠狀且標示有每日食用限量之食品，在每日食用量中，其硒之總含量不得高於200 μg。,限於補充食品中不足之營養素時使用。,(八) 營養添加劑
467,HAP 螯合硒,Selenium HAP Chelate,形態屬膠囊狀、錠狀且標示有每日食用限量之食品，在每日食用量中，其硒之總含量不得高於200 μg。,限於補充食品中不足之營養素時使用。,(八) 營養添加劑
468,HVP 螯合硒,Selenium HVP Chelate,形態屬膠囊狀、錠狀且標示有每日食用限量之食品，在每日食用量中，其硒之總含量不得高於200 μg。,限於補充食品中不足之營養素時使用。,(八) 營養添加劑
469,半胱胺酸硒,Selenium Cysteine,形態屬膠囊狀、錠狀且標示有每日食用限量之食品，在每日食用量中，其硒之總含量不得高於200 μg。,限於補充食品中不足之營養素時使用。,(八) 營養添加劑
470,甲硫胺酸硒,Selenium Methionine,形態屬膠囊狀、錠狀且標示有每日食用限量之食品，在每日食用量中，其硒之總含量不得高於200 μg。,限於補充食品中不足之營養素時使用。,(八) 營養添加劑
471,矽酸,Silicic Acid,形態屬膠囊狀、錠狀且標示有每日食用限量之食品，在每日食用量中，其矽之總含量不得高於84 mg。,限於補充食品中不足之營養素時使用。,(八) 營養添加劑
472,二氧化矽,Silicon Dioxide,形態屬膠囊狀、錠狀且標示有每日食用限量之食品，在每日食用量中，其矽之總含量不得高於84 mg。,限於補充食品中不足之營養素時使用。,(八) 營養添加劑
473,HAP 螯合矽,Silicon HAP Chelate,形態屬膠囊狀、錠狀且標示有每日食用限量之食品，在每日食用量中，其矽之總含量不得高於84 mg。,限於補充食品中不足之營養素時使用。,(八) 營養添加劑
474,HVP 螯合矽,Silicon HVP Chelate,形態屬膠囊狀、錠狀且標示有每日食用限量之食品，在每日食用量中，其矽之總含量不得高於84 mg。,限於補充食品中不足之營養素時使用。,(八) 營養添加劑
475,偏矽酸鈉,Sodium Metasilicate,形態屬膠囊狀、錠狀且標示有每日食用限量之食品，在每日食用量中，其矽之總含量不得高於84 mg。,限於補充食品中不足之營養素時使用。,(八) 營養添加劑
476,矽樹脂,Silicon Resin,形態屬膠囊狀、錠狀且標示有每日食用限量之食品，在每日食用量中，其矽之總含量不得高於84 mg。,限於補充食品中不足之營養素時使用。,(八) 營養添加劑
477,氯化亞錫,Tin (Ⅱ) Chloride/ Stannous Chloride,形態屬膠囊狀、錠狀且標示有每日食用限量之食品，在每日食用量中，其錫之總含量不得高於2 mg。,限於補充食品中不足之營養素時使用。,(八) 營養添加劑
478,偏釩酸鈉,Sodium Metavanadate,形態屬膠囊狀、錠狀且標示有每日食用限量之食品，在每日食用量中，其釩之總含量不得高於182 μg。,限於補充食品中不足之營養素時使用。,(八) 營養添加劑
479,檸檬酸釩,Vanadium Citrate,形態屬膠囊狀、錠狀且標示有每日食用限量之食品，在每日食用量中，其釩之總含量不得高於182 μg。,限於補充食品中不足之營養素時使用。,(八) 營養添加劑
480,HAP 螯合釩,Vanadium HAP Chelate,形態屬膠囊狀、錠狀且標示有每日食用限量之食品，在每日食用量中，其釩之總含量不得高於182 μg。,限於補充食品中不足之營養素時使用。,(八) 營養添加劑
481,HVP 螯合釩,Vanadium HVP Chelate,形態屬膠囊狀、錠狀且標示有每日食用限量之食品，在每日食用量中，其釩之總含量不得高於182 μg。,限於補充食品中不足之營養素時使用。,(八) 營養添加劑
482,硫酸氧釩,Vanadyl Sulfate,形態屬膠囊狀、錠狀且標示有每日食用限量之食品，在每日食用量中，其釩之總含量不得高於182 μg。,限於補充食品中不足之營養素時使用。,(八) 營養添加劑
483,甘胺酸鋅,Zinc Bisglycinate,形態屬膠囊狀、錠狀且標示有每日食用限量之食品，在每日食用量中，其鋅之總含量不得高於30 mg。,限於補充食品中不足之營養素時使用。,(八) 營養添加劑
484,檸檬酸鋅,Zinc Citrate,形態屬膠囊狀、錠狀且標示有每日食用限量之食品，在每日食用量中，其鋅之總含量不得高於30 mg。,限於補充食品中不足之營養素時使用。,(八) 營養添加劑
485,反丁烯二酸鋅,Zinc Fumarate,形態屬膠囊狀、錠狀且標示有每日食用限量之食品，在每日食用量中，其鋅之總含量不得高於30 mg。,限於補充食品中不足之營養素時使用。,(八) 營養添加劑
486,戊二酸鋅,Zinc Glutarate,形態屬膠囊狀、錠狀且標示有每日食用限量之食品，在每日食用量中，其鋅之總含量不得高於30 mg。,限於補充食品中不足之營養素時使用。,(八) 營養添加劑
487,甘油酸鋅,Zinc Glycerate,形態屬膠囊狀、錠狀且標示有每日食用限量之食品，在每日食用量中，其鋅之總含量不得高於30 mg。,限於補充食品中不足之營養素時使用。,(八) 營養添加劑
488,HAP 螯合鋅,Zinc HAP Chelate,形態屬膠囊狀、錠狀且標示有每日食用限量之食品，在每日食用量中，其鋅之總含量不得高於30 mg。,限於補充食品中不足之營養素時使用。,(八) 營養添加劑
489,HVP 螯合鋅,Zinc HVP Chelate,形態屬膠囊狀、錠狀且標示有每日食用限量之食品，在每日食用量中，其鋅之總含量不得高於30 mg。,限於補充食品中不足之營養素時使用。,(八) 營養添加劑
490,蘋果酸鋅,Zinc Malate,形態屬膠囊狀、錠狀且標示有每日食用限量之食品，在每日食用量中，其鋅之總含量不得高於30 mg。,限於補充食品中不足之營養素時使用。,(八) 營養添加劑
491,單甲硫胺酸鋅,Zinc Monomethionine,形態屬膠囊狀、錠狀且標示有每日食用限量之食品，在每日食用量中，其鋅之總含量不得高於30 mg。,限於補充食品中不足之營養素時使用。,(八) 營養添加劑
492,磷酸鋅,Zinc Phosphate,形態屬膠囊狀、錠狀且標示有每日食用限量之食品，在每日食用量中，其鋅之總含量不得高於30 mg。,限於補充食品中不足之營養素時使用。,(八) 營養添加劑
493,琥珀酸鋅,Zinc Succinate,形態屬膠囊狀、錠狀且標示有每日食用限量之食品，在每日食用量中，其鋅之總含量不得高於30 mg。,限於補充食品中不足之營養素時使用。,(八) 營養添加劑
494,L-酒石酸肉鹼 (L-酒石酸肉酸),L-Carnitine Tartrate,本品可於特殊營養食品中視實際需要適量使用。,限於補充食品中不足之營養素時使用。,(八) 營養添加劑
495,食用紅色六號,Ponceau 4R,本品可於各類食品中視實際需要適量使用。,生鮮肉類、生鮮魚貝類、生鮮豆類、生鮮蔬菜、生鮮水果、味噌、醬油、海帶、海苔、茶等不得使用。,(九) 著色劑
496,食用紅色七號,Erythrosine,本品可於各類食品中視實際需要適量使用。,生鮮肉類、生鮮魚貝類、生鮮豆類、生鮮蔬菜、生鮮水果、味噌、醬油、海帶、海苔、茶等不得使用。,(九) 著色劑
497,食用紅色七號鋁麗基,Erythrosine Aluminum Lake,本品可於各類食品中視實際需要適量使用。,生鮮肉類、生鮮魚貝類、生鮮豆類、生鮮蔬菜、生鮮水果、味噌、醬油、海帶、海苔、茶等不得使用。,(九) 著色劑
498,食用黃色四號,Tartrazine,本品可於各類食品中視實際需要適量使用。,生鮮肉類、生鮮魚貝類、生鮮豆類、生鮮蔬菜、生鮮水果、味噌、醬油、海帶、海苔、茶等不得使用。,(九) 著色劑
499,食用黃色四號鋁麗基,Tartrazine Aluminum Lake,本品可於各類食品中視實際需要適量使用。,生鮮肉類、生鮮魚貝類、生鮮豆類、生鮮蔬菜、生鮮水果、味噌、醬油、海帶、海苔、茶等不得使用。,(九) 著色劑
500,食用黃色五號,Sunset Yellow FCF,本品可於各類食品中視實際需要適量使用。,生鮮肉類、生鮮魚貝類、生鮮豆類、生鮮蔬菜、生鮮水果、味噌、醬油、海帶、海苔、茶等不得使用。,(九) 著色劑
501,食用黃色五號鋁麗基,Sunset Yellow FCF Aluminum Lake,本品可於各類食品中視實際需要適量使用。,生鮮肉類、生鮮魚貝類、生鮮豆類、生鮮蔬菜、生鮮水果、味噌、醬油、海帶、海苔、茶等不得使用。,(九) 著色劑
502,食用綠色三號,Fast Green FCF,本品可於各類食品中視實際需要適量使用。,生鮮肉類、生鮮魚貝類、生鮮豆類、生鮮蔬菜、生鮮水果、味噌、醬油、海帶、海苔、茶等不得使用。,(九) 著色劑
503,食用綠色三號鋁麗基,Fast Green FCF Aluminum Lake,本品可於各類食品中視實際需要適量使用。,生鮮肉類、生鮮魚貝類、生鮮豆類、生鮮蔬菜、生鮮水果、味噌、醬油、海帶、海苔、茶等不得使用。,(九) 著色劑
504,食用藍色一號,Brilliant Blue FCF,本品可於各類食品中視實際需要適量使用。,生鮮肉類、生鮮魚貝類、生鮮豆類、生鮮蔬菜、生鮮水果、味噌、醬油、海帶、海苔、茶等不得使用。,(九) 著色劑
505,食用藍色一號鋁麗基,Brilliant Blue FCF Aluminum Lake,本品可於各類食品中視實際需要適量使用。,生鮮肉類、生鮮魚貝類、生鮮豆類、生鮮蔬菜、生鮮水果、味噌、醬油、海帶、海苔、茶等不得使用。,(九) 著色劑
506,食用藍色二號,Indigo Carmine,本品可於各類食品中視實際需要適量使用。,生鮮肉類、生鮮魚貝類、生鮮豆類、生鮮蔬菜、生鮮水果、味噌、醬油、海帶、海苔、茶等不得使用。,(九) 著色劑
507,食用藍色二號鋁麗基,Indigo CarmineAluminum Lake,本品可於各類食品中視實際需要適量使用。,生鮮肉類、生鮮魚貝類、生鮮豆類、生鮮蔬菜、生鮮水果、味噌、醬油、海帶、海苔、茶等不得使用。,(九) 著色劑
508,β-胡蘿蔔素,β-Carotene,本品可於各類食品中視實際需要適量使用。,生鮮肉類、生鮮魚貝類、生鮮豆類、生鮮蔬菜、生鮮水果、味噌、醬油、海帶、海苔、茶等不得使用。,(九) 著色劑
509,蟲漆酸,Laccaic Acid,本品可於各類食品中視實際需要適量使用。,生鮮肉類、生鮮魚貝類、生鮮豆類、生鮮蔬菜、生鮮水果、味噌、醬油、海帶、海苔、茶等不得使用。,(九) 著色劑
510,銅葉綠素,Copper Chlorophyll,"1.	本品可使用於口香糖及泡泡糖；用量以Cu計為0.04g/kg以下。
2.	本品可使用於膠囊狀、錠狀食品；用量為0.5 g/kg以下。",,(九) 著色劑
511,銅葉綠素鈉,Sodium Copper Chlorophyllin,"1.	本品可使用於乾海帶；用量以Cu計為0.15g/kg以下。 
2.	本品可使用於蔬菜及水果之貯藏品、烘焙食品、果醬及果凍；用量以Cu 計為0.10g/kg以下。
3.	本品可使用於調味乳、湯類及不含酒精之調味飲料；用量以Cu計為0.064g/kg以下。
4.	本品可使用於口香糖及泡泡糖；用量以Cu計為0.05g/kg以下。
5.	本品可使用於膠囊狀、錠狀食品；用量為0.5 g/kg以下。 
6.	本品可用於糖果；用量以 Cu計為 0.02 g/kg以下。",,(九) 著色劑
512,鐵葉綠素鈉,Sodium Iron Chlorophyllin,本品可於各類食品中視實際需要適量使用。,生鮮肉類、生鮮魚貝類、生鮮豆類、生鮮蔬菜、生鮮水果、味噌、醬油、海帶、海苔、茶等不得使用。,(九) 著色劑
513,氧化鐵,Iron Oxides,本品可於各類食品中視實際需要適量使用。,生鮮肉類、生鮮魚貝類、生鮮豆類、生鮮蔬菜、生鮮水果、味噌、醬油、海帶、海苔、茶等不得使用。,(九) 著色劑
514,食用紅色四十號,Allura Red AC,本品可於各類食品中視實際需要適量使用。,生鮮肉類、生鮮魚貝類、生鮮豆類、生鮮蔬菜、生鮮水果、味噌、醬油、海帶、海苔、茶等不得使用。,(九) 著色劑
515,核黃素（維生素B2）,Riboflavin,"1.	本品可使用於嬰兒食品及飲料；用量以Riboflavin計為10mg/kg以下。                 
2.	本品可使用於營養麵粉及其他食品；用量以Riboflavin計為56mg /kg以下。",生鮮肉類、生鮮魚貝類、生鮮豆類、生鮮蔬菜、生鮮水果、味噌、醬油、海帶、海苔、茶等不得使用。,(九) 著色劑
516,核黃素磷酸鈉,Riboflavin Phosphate，Sodium,"1.本品可使用於嬰兒食品及飲料；用量以Riboflavin計為10mg/kg 以下。                 
2.本品可使用於營養麵粉及其他食品；用量以Riboflavin計為56mg/ kg以下。",生鮮肉類、生鮮魚貝類、生鮮豆類、生鮮蔬菜、生鮮水果、味噌、醬油、海帶、海苔、茶等不得使用。,(九) 著色劑
517,二氧化鈦,Titanium Dioxide,本品可於各類食品中視實際需要適量使用。,生鮮肉類、生鮮魚貝類、生鮮豆類、生鮮蔬菜、生鮮水果、味噌、醬油、海帶、海苔、茶等不得使用。,(九) 著色劑
518,食用紅色四十號鋁麗基,Allura Red AC Aluminum Lake,本品可於各類食品中視實際需要適量使用。,生鮮肉類、生鮮魚貝類、生鮮豆類、生鮮蔬菜、生鮮水果、味噌、醬油、海帶、海苔、茶等不得使用。,(九) 著色劑
519,金,Gold  (Metallic),本品可於糕餅裝飾、糖果及巧克力外層中視實際需要適量使用。,,(九) 著色劑
520,葉黃素,Lutein,"1.	本品可使用於食品之裝飾及外層、調味醬；用量以lutein計為25mg/kg以下。
2.	本品可使用於糕餅、芥末、魚卵；用量以lutein計為15 mg/kg以下。
3.	本品可使用於蜜餞、糖漬蔬菜；用量以lutein計為10 mg/kg以下。
4.	本品可使用於冰品、零食點心（包括經調味乳製品）；用量以lutein計為7.5 mg/kg以下。
5.	本品可使用於不含酒精飲料、調味加工乾酪、魚肉煉製品、水產品漿料、素肉、燻魚；用量以lutein計為5 mg/kg以下。
6.	本品可使用於湯；用量以lutein計為2.5mg/kg以下。
7.	本品可於食用之乾酪外皮、腸衣、特殊營養食品中視實際需要適量使用。",生鮮肉類、生鮮魚貝類、生鮮豆類、生鮮蔬菜、生鮮水果、味噌、醬油、海帶、海苔、茶等不得使用。,(九) 著色劑
521,合成番茄紅素,Lycopene (Synthetic),本品可使用於各類食品；用量以lycopene計為50 mg/kg以下。,生鮮肉類、生鮮魚貝類、生鮮豆類、生鮮蔬菜、生鮮水果、味噌、醬油、海帶、海苔、茶等不得使用。,(九) 著色劑
522,喹啉黃,Quinoline Yellow,本品可於膠囊狀、錠狀食品中視實際需要適量使用。,生鮮肉類、生鮮魚貝類、生鮮豆類、生鮮蔬菜、生鮮水果、味噌、醬油、海帶、海苔、茶等不得使用。,(九) 著色劑
523,喹啉黃鋁麗基,Quinoline Yellow Aluminum Lake,本品可於膠囊狀、錠狀食品中視實際需要適量使用。,生鮮肉類、生鮮魚貝類、生鮮豆類、生鮮蔬菜、生鮮水果、味噌、醬油、海帶、海苔、茶等不得使用。,(九) 著色劑
524,食用紅色六號鋁麗基,Cochineal Red A Aluminum Lake (New Coccine Aluminum Lake),本品可於各類食品中視實際需要適量使用。,生鮮肉類、生鮮魚貝類、生鮮豆類、生鮮蔬菜、生鮮水果、味噌、醬油、海帶、海苔、茶等不得使用。,(九) 著色劑
525,4-4'-二酮-β-胡蘿蔔素,Canthaxanthin,本品可於各類食品中視實際需要適量使用。,生鮮肉類、生鮮魚貝類、生鮮豆類、生鮮蔬菜、生鮮水果、味噌、醬油、海帶、海苔、茶等不得使用。,(九) 著色劑
526,矽酸鋁鉀珠光色素,Potassium aluminum silicate-based pearlescent pigments,本品可用於糖果、膠囊狀、錠狀食品及口香糖，用量為12.5g/kg 以下。,,(九) 著色劑
527,β-衍-8'-胡蘿蔔醛,β-Apo-8'-Carotenal,本品可於各類食品中視實際需要適量使用。,生鮮肉類、生鮮魚貝類、生鮮豆類、生鮮蔬菜、生鮮水果、味噌、醬油、海帶、海苔、茶等不得使用。,(九) 著色劑
528,β-衍-8'-胡蘿蔔酸乙酯,β-Apo-8'-Carotenoat，Ethyl,本品可於各類食品中視實際需要適量使用,生鮮肉類、生鮮魚貝類、生鮮豆類、生鮮蔬菜、生鮮水果、味噌、醬油、海帶、海苔、茶等不得使用。,(九) 著色劑
529,焦糖色素,Caramel Colors,"第一類：普通焦糖(Plain caramel)：
可於各類食品中視實際需要適量使用。
第二類：亞硫酸鹽焦糖(Sulfite caramel)：
可於各類食品中視實際需要適量使用。
第三類：銨鹽焦糖(Ammonia caramel)：
1.本品可使用於糖漬果實、罐頭水果、油醋鹽浸漬果實、果醬、果凍、果皮凍；用量為0.2 g/kg以下。
2.本品可使用於完全防腐之魚卵製品及油醋鹽浸漬蔬菜；用量為0.5 g/kg以下。
3.本品可使用於奶精、冰品、白醋；用量為1.0 g/kg以下。
4.本品可使用於黃豆製飲料；用量為1.5 g/kg以下。
5.本品可使用於調味乳、發酵乳及布丁、奶酪等乳品甜點；用量為2.0 g/kg以下。
6.本品可使用於飲料、乳酪、奶油、人造奶油及其類似製品；用量為5.0 g/kg以下。
7.本品可使用於水果派餡；用量為7.5 g/kg以下。
8.本品可使用於烏醋、點心零食、咖啡及其替代品；用量為10.0 g/kg以下。
9.本品可使用於未熟成乾酪；用量為15.0 g/kg以下。
10.本品可使用於豆皮、豆乾等黃豆製品(不包括醬類及飲料)、釀造醬油、口香糖、特殊營養食品、膳食補充品、味噌；用量為20.0 g/kg以下。
11.本品可使用於湯；用量為25.0 g/kg以下。
12.本品可使用於水產加工品；用量為30.0 g/kg以下。
13.本品可使用於蒸包、蒸糕、糕餅、烘焙食品、穀類、澱粉類點心(如粉圓、西米露、穀類早餐等)、米食加工品(如年糕、麻糬等)、蔬菜、海藻、堅果及種子加工品、巴沙米可醋、非釀造醬油、其他乾酪及其類似製品、穀類早餐(不包括燕麥片)、麵條、餅皮及相關製品、調味料、芥末、糖果、可可及巧克力製品、調味糖漿、花生醬及其他調味醬；用量為50.0 g/kg以下。
14.本品可使用於濃色醬油；用量為60.0 g/kg以下。
第四類：亞硫酸-銨鹽焦糖(Sulfite ammonia caramel)：
1.本品可使用於奶精及冰品；用量為1.0 g/kg以下。
2.本品可使用於代糖；用量為1.2 g/kg以下。
3.本品可使用於果醬、果凍、果皮凍；用量為1.5 g/kg以下。
4.本品可使用於調味乳、發酵乳及布丁、奶酪等乳品甜點；用量為2.0 g/kg以下。
5.本品可使用於穀類、澱粉類點心(如西米露、穀類早餐等)及米食加工品(如年糕、麻糬等)；用量為2.5 g/kg以下。
6.本品可使用於乳酪、奶油、人造奶油及其類似製品；用量為5.0 g/kg以下。
7.本品可使用於水果派餡、油醋鹽浸漬果實、糖漬果實類及罐頭水果；用量為7.5 g/kg以下。
8.本品可使用於調味料、點心零食、咖啡及其替代品；用量為10.0 g/kg以下。
9.本品可使用於豆皮、豆乾等黃豆製品(不包括醬類及飲料) 、粉圓、蛋製品、特殊營養食品、口香糖、膳食補充品；用量為20.0 g/kg以下。
10.本品可使用於湯；用量為25.0 g/kg以下。
11.本品可使用於魚卵及魚肉煉製品；用量為30.0 g/kg以下。
12.本品可使用於乾酪及其類似製品、蔬菜、海藻、堅果及種子加工品、麵條、蒸包、蒸糕烘焙食品、糕餅、可可及巧克力製品、飲料、醋、糖果、調味糖漿、芥末、花生醬、味噌及其他調味醬；用量為50.0 g/kg以下。
13.本品可使用於醬油；用量為60.0 g/kg以下。",生鮮肉類、生鮮水產品、生鮮豆類、生鮮蔬菜、生鮮水果等不得使用。,(九) 著色劑
530,番茄紅素(來自Blakeslea trispora),Lycopene from Blakeslea trispora,本品可使用於各類食品；用量以 lycopene 計為 50 mg/kg以下。,生鮮肉類、生鮮魚貝類、生鮮豆類、生鮮蔬菜、生鮮水果、味噌、醬油、海帶、海苔、茶等不得使用。,(九) 著色劑
531,縮醛、縮酮類,Acetals、Ketals,本品可於各類食品中視實際需要適量使用。,一般認為安全無慮者始准使用。,(十) 香料
532,胺類,Amines,本品可於各類食品中視實際需要適量使用。,一般認為安全無慮者始准使用。,(十) 香料
533,硫化物,Sulfides,本品可於各類食品中視實際需要適量使用。,一般認為安全無慮者始准使用。,(十) 香料
534,呋喃類,Furans,本品可於各類食品中視實際需要適量使用。,一般認為安全無慮者始准使用。,(十) 香料
535,含氮雜環類,Nitrogen heterocyclics,本品可於各類食品中視實際需要適量使用。,一般認為安全無慮者始准使用。,(十) 香料
536,含硫雜環類,Sulfur heterocyclics,本品可於各類食品中視實際需要適量使用。,一般認為安全無慮者始准使用。,(十) 香料
537,胺基酸、醣類,"Amino acids, carbohydrates",本品可於各類食品中視實際需要適量使用。,一般認為安全無慮者始准使用。,(十) 香料
538,天然香料,Natural flavors,本品可於各類食品中視實際需要適量使用。,一般認為安全無慮者始准使用。,(十) 香料
539,乙酸乙酯,Ethyl Acetate,本品可於各類食品中視實際需要適量使用,限用為香料。,(十) 香料
540,乙酸丁酯,Butyl Acetate,本品可於各類食品中視實際需要適量使用。,限用為香料。,(十) 香料
541,乙酸芐酯,Benzyl Acetate,本品可於各類食品中視實際需要適量使用。,限用為香料。,(十) 香料
542,乙酸苯乙酯,Phenylethyl Acetate,本品可於各類食品中視實際需要適量使用。,限用為香料,(十) 香料
543,乙酸松油腦酯,Terpinyl Acetate,本品可於各類食品中視實際需要適量使用。,限用為香料。,(十) 香料
544,乙酸桂皮酯,Cinnamyl Acetate,本品可於各類食品中視實際需要適量使用。,限用為香料。,(十) 香料
545,乙酸香葉草酯,Geranyl Acetate,本品可於各類食品中視實際需要適量使用。,限用為香料。,(十) 香料
546,乙酸香茅酯,Citronellyl Acetate,本品可於各類食品中視實際需要適量使用。,限用為香料。,(十) 香料
547,乙酸沈香油酯,Linalyl Acetate,本品可於各類食品中視實際需要適量使用,限用為香料。,(十) 香料
548,乙酸異戊酯,Isoamyl Acetate,本品可於各類食品中視實際需要適量使用,限用為香料。,(十) 香料
549,乙酸環己酯,Cyclohexyl Acetate,本品可於各類食品中視實際需要適量使用,限用為香料。,(十) 香料
550,乙酸l-薄荷酯,l-Menthyl Acetate,本品可於各類食品中視實際需要適量使用,限用為香料。,(十) 香料
551,乙基香莢蘭醛,Ethyl Vanillin,本品可於各類食品中視實際需要適量使用,限用為香料。,(十) 香料
552,乙醯乙酸乙酯,Ethyl Aceto-acetate,本品可於各類食品中視實際需要適量使用,限用為香料。,(十) 香料
553,丁香醇,Eugenol,本品可於各類食品中視實際需要適量使用,限用為香料。,(十) 香料
554,丁酸,Butyric Acid,本品可於各類食品中視實際需要適量使用,限用為香料。,(十) 香料
555,丁酸乙酯,Ethyl Butyrate,本品可於各類食品中視實際需要適量使用,限用為香料。,(十) 香料
556,丁酸丁酯,Butyl Butyrate,本品可於各類食品中視實際需要適量使用,限用為香料。,(十) 香料
557,丁酸異戊酯,Isoamyl Butyrate,本品可於各類食品中視實際需要適量使用,限用為香料。,(十) 香料
558,丁酸環己酯,Cyclohexyl Butyrate,本品可於各類食品中視實際需要適量使用,限用為香料。,(十) 香料
559,十一酸內酯,Undecalactone,本品可於各類食品中視實際需要適量使用,限用為香料。,(十) 香料
560,大茴香醛,Anisaldehyde,本品可於各類食品中視實際需要適量使用,限用為香料。,(十) 香料
561,己酸乙酯,Ethyl Caproate,本品可於各類食品中視實際需要適量使用,限用為香料。,(十) 香料
562,己酸丙烯酯,Allyl Caproate,本品可於各類食品中視實際需要適量使用,限用為香料。,(十) 香料
563,壬酸內酯,Nonalactone,本品可於各類食品中視實際需要適量使用,限用為香料。,(十) 香料
564,甲酸香葉草酯,Geranyl Formate,本品可於各類食品中視實際需要適量使用,限用為香料。,(十) 香料
565,甲酸異戊酯,Isoamyl Formate,本品可於各類食品中視實際需要適量使用,限用為香料。,(十) 香料
566,甲酸香茅酯,Citronellyl Formate,本品可於各類食品中視實際需要適量使用,限用為香料。,(十) 香料
567,水楊酸甲酯（冬綠油）,Methyl Salicylate,本品可於各類食品中視實際需要適量使用,限用為香料。,(十) 香料
568,丙酸乙酯,Ethyl Propionate,本品可於各類食品中視實際需要適量使用,限用為香料。,(十) 香料
569,丙酸苄酯,Benzyl Propionate,本品可於各類食品中視實際需要適量使用,限用為香料。,(十) 香料
570,丙酸異戊酯,Isoamyl Propionate,本品可於各類食品中視實際需要適量使用。,限用為香料。,(十) 香料
571,甲基β-荼酮,Methyl β-Na-Phthyl Ketone,本品可於各類食品中視實際需要適量使用。,限用為香料。,(十) 香料
572,N-甲基胺基苯甲酸甲酯,Methyl-N-MethylAnthranilate,本品可於各類食品中視實際需要適量使用,限用為香料。,(十) 香料
573,向日花香醛,Piperonal（Heliotropin）,本品可於各類食品中視實際需要適量使用,限用為香料。,(十) 香料
574,庚酸乙酯,Ethyl Oenanthate,本品可於各類食品中視實際需要適量使用。,限用為香料。,(十) 香料
575,辛醛,Octyl Aldehyde,本品可於各類食品中視實際需要適量使用。,限用為香料。,(十) 香料
576,辛酸乙酯,Ethyl Caprylate,本品可於各類食品中視實際需要適量使用,限用為香料。,(十) 香料
577,沈香醇,Linalool,本品可於各類食品中視實際需要適量使用,限用為香料。,(十) 香料
578,苯甲醇,Benzyl Alcohol,本品可於各類食品中視實際需要適量使用,限用為香料。,(十) 香料
579,苯甲醛,Benzaldehyde,本品可於各類食品中視實際需要適量使用,限用為香料。,(十) 香料
580,苯乙酮,Acetophenone,本品可於各類食品中視實際需要適量使用,限用為香料。,(十) 香料
581,苯乙酸乙酯,Ethyl Phenyl Acetate,本品可於各類食品中視實際需要適量使用,限用為香料。,(十) 香料
582,苯乙酸異丁酯,Isobutyl PhenylAcetate,本品可於各類食品中視實際需要適量使用,限用為香料。,(十) 香料
583,苯乙酸異戊酯,Isoamyl PhenylAcetate,本品可於各類食品中視實際需要適量使用,限用為香料。,(十) 香料
584,香茅醇,Citronellol,本品可於各類食品中視實際需要適量使用,限用為香料。,(十) 香料
585,香茅醛,Citronellal,本品可於各類食品中視實際需要適量使用,限用為香料。,(十) 香料
586,香葉草醇,Geraniol,本品可於各類食品中視實際需要適量使用,限用為香料。,(十) 香料
587,香莢蘭醛,Vanillin,本品可於各類食品中視實際需要適量使用,限用為香料。,(十) 香料
588,桂皮醛,Cinnamic Aldehyde,本品可於各類食品中視實際需要適量使用,限用為香料。,(十) 香料
589,桂皮醇,Cinnamyl Alcohol,本品可於各類食品中視實際需要適量使用,限用為香料。,(十) 香料
590,桂皮酸,Cinnamic Acid,本品可於各類食品中視實際需要適量使用,限用為香料。,(十) 香料
591,桂皮酸甲酯,Methyl Cinnamate,本品可於各類食品中視實際需要適量使用,限用為香料。,(十) 香料
592,桂皮酸乙酯,Ethyl Cinnamate,本品可於各類食品中視實際需要適量使用,限用為香料。,(十) 香料
593,癸醛,Decyl Aldehyde,本品可於各類食品中視實際需要適量使用,限用為香料。,(十) 香料
594,癸醇,Decyl Alcohol,本品可於各類食品中視實際需要適量使用,限用為香料。,(十) 香料
595,桉葉油精,Eucalyptol（Cincol）,本品可於各類食品中視實際需要適量使用,限用為香料。,(十) 香料
596,異丁香醇,Isoeugenol,本品可於各類食品中視實際需要適量使用,限用為香料。,(十) 香料
597,異戊酸乙酯,Ethyl Isovalerate,本品可於各類食品中視實際需要適量使用,限用為香料。,(十) 香料
598,異戊酸異戊酯,Isoamyl Iso-valerate,本品可於各類食品中視實際需要適量使用,限用為香料。,(十) 香料
599,異硫氰酸丙烯酯,Allyl Iso-thiocyanate,本品可於各類食品中視實際需要適量使用,限用為香料。,(十) 香料
600,麥芽醇,Maltol,本品可於各類食品中視實際需要適量使用,限用為香料。,(十) 香料
601,乙基麥芽醇,Ethyl Maltol,本品可於各類食品中視實際需要適量使用,限用為香料。,(十) 香料
602,胺基苯甲酸甲酯,Methyl Anthranilate,本品可於各類食品中視實際需要適量使用,限用為香料。,(十) 香料
603,羥香茅醛,Hydroxy Citronellal,本品可於各類食品中視實際需要適量使用,限用為香料。,(十) 香料
604,羥香茅二甲縮醛,Hydroxy CitronellalDimethyl Acetal,本品可於各類食品中視實際需要適量使用,限用為香料。,(十) 香料
605,l-柴蘇醛,l-Perill-aldehyde,本品可於各類食品中視實際需要適量使用,限用為香料。,(十) 香料
606,紫羅蘭酮,Ionone,本品可於各類食品中視實際需要適量使用,限用為香料。,(十) 香料
607,對甲基苯乙酮,p-MethylAcetophenone,本品可於各類食品中視實際需要適量使用,限用為香料。,(十) 香料
608,dl-薄荷腦,dl-Menthol,本品可於各類食品中視實際需要適量使用,限用為香料。,(十) 香料
609,l-薄荷腦,l-Menthol,本品可於各類食品中視實際需要適量使用,限用為香料。,(十) 香料
610,α-戊基桂皮醛,α-Amyl CinnamicAldehyde,本品可於各類食品中視實際需要適量使用。,限用為香料。,(十) 香料
611,檸檬油醛,Citral,本品可於各類食品中視實際需要適量使用,限用為香料。,(十) 香料
612,環己丙酸丙烯酯,Allyl CyclohexylPropionate,本品可於各類食品中視實際需要適量使用,限用為香料。,(十) 香料
613,d-龍腦,d-Borneol,本品可於各類食品中視實際需要適量使用,限用為香料。,(十) 香料
614,安息香,Benzoin,本品可於各類食品中視實際需要適量使用。,限用為香料。,(十) 香料
615,酯類,Esters,本品可於各類食品中視實際需要適量使用。,一 般認為安全無慮者始准使用。,(十) 香料
616,醚類,Ethers,本品可於各類食品中視實際需要適量使用。,一 般認為安全無慮者始准使用。,(十) 香料
617,酮類,Ketones,本品可於各類食品中視實際需要適量使用。,一 般認為安全無慮者始准使用。,(十) 香料
618,羧酸類,Carboxylic acids,本品可於各類食品中視實際需要適量使用。,一 般認為安全無慮者始准使用。,(十) 香料
619,醇類,Alcohols,本品可於各類食品中視實際需要適量使用。,一 般認為安全無慮者始准使用。,(十) 香料
620,醛類,Aldehydes,本品可於各類食品中視實際需要適量使用。,一 般認為安全無慮者始准使用。,(十) 香料
621,碳氫化合物類(烷類； 烯類；萜烯),Hydrocarbons (Alkanes;Alkenes;Terpenes),本品可於各類食品中視實際需要適量使用。,一 般認為安全無慮者始准使用。,(十) 香料
622,硫醇類,Thio-Alcohols,本品可於各類食品中視實際需要適量使用。,一 般認為安全無慮者始准使用。,(十) 香料
623,硫醚類,Thio-Ethers,本品可於各類食品中視實際需要適量使用。,一 般認為安全無慮者始准使用。,(十) 香料
624,酚類,Phenols,本品可於各類食品中視實際需要適量使用。,一 般認為安全無慮者始准使用。,(十) 香料
625,內酯類,Lactones,本品可於各類食品中視實際需要適量使用。,一 般認為安全無慮者始准使用。,(十) 香料
626,L-半胱胺酸鹽酸鹽,L-CysteineMonohydro- chloride,本品可於各類食品中視實際需要適量使用。,限用為香料。,(十) 香料
627,L-天門冬酸鈉,Monosodium L-Aspartate,本品可於各類食品中視實際需要適量使用,限 於食品製造或加工必須時使用,(十一) 調味劑
628,反丁烯二酸,Fumaric Acid,本品可於各類食品中視實際需要適量使用,限於食品製造或加工必須時使用,(十一) 調味劑
629,反丁烯二酸一鈉,Sodium Fumarate,本品可於各類食品中視實際需要適量使用,限 於食品製造或加工必須時使用,(十一) 調味劑
630,檸檬酸,Citric Acid,本品可於各類食品中視實際需要適量使用,限 於食品製造或加工必須時使用,(十一) 調味劑
631,檸檬酸鈉,Sodium Citrate,本品可於各類食品中視實際需要適量使用,限 於食品製造或加工必須時使用,(十一) 調味劑
632,琥珀酸,Succinic Acid,本品可於各類食品中視實際需要適量使用,限於食品製造或加工必須時使用,(十一) 調味劑
633,琥珀酸一鈉,MonosodiumSuccinate,本品可於各類食品中視實際需要適量使用,限於食品製造或加工必須時使用,(十一) 調味劑
634,琥珀酸二鈉,Disodium Succinate,本品可於各類食品中視實際需要適量使用,限於食品製造或加工必須時使用,(十一) 調味劑
635,L-麩酸,L-Glutamic Acid,本品可於各類食品中視實際需要適量使用,限 於食品製造或加工必須時使用,(十一) 調味劑
636,L-麩酸鈉,Monosodium L-Glutamate,本品可於各類食品中視實際需要適量使用,限於食品製造或加工必須時使用,(十一) 調味劑
637,酒石酸,Tartaric Acid,本品可於各類食品中視實際需要適量使用,限於食品製造或加工必須時使用,(十一) 調味劑
638,D&DL-酒石酸鈉,D&DL-Sodium Tartrate,本品可於各類食品中視實際需要適量使用,限 於食品製造或加工必須時使用,(十一) 調味劑
639,乳酸,Lactic Acid,本品可於各類食品中視實際需要適量使用,限 於食品製造或加工必須時使用,(十一) 調味劑
640,乳酸鈉 (溶液),Sodium Lactate (solution),本品可於各類食品中視實際需要適量使用,限 於食品製造或加工必須時使用,(十一) 調味劑
641,醋酸,Acetic Acid,本品可於各類食品中視實際需要適量使用,限 於食品製造或加工必須時使用,(十一) 調味劑
642,冰醋酸,Acetic Acid Glacial,本品可於各類食品中視實際需要適量使用,限 於食品製造或加工必須時使用,(十一) 調味劑
643,DL-蘋果酸（羥基丁二酸）,DL-Malic Acid （Hydroxysuccinic Acid）,本品可於各類食品中視實際需要適量使用,限 於食品製造或加工必須時使用；嬰兒食品不得使用。,(十一) 調味劑
644,DL-蘋果酸鈉,Sodium DL-Malate,本品可於各類食品中視實際需要適量使用,限 於食品製造或加工必須時使用；嬰兒食品不得使用。,(十一) 調味劑
645,葡萄糖酸,Gluconic Acid,本品可於各類食品中視實際需要適量使用,限 於食品製造或加工必須時使用,(十一) 調味劑
646,葡萄糖酸鈉,Sodium Gluconate,本品可於各類食品中視實際需要適量使用,限 於食品製造或加工必須時使用,(十一) 調味劑
647,葡萄糖酸液,Gluconic Acid Solution,本品可於各類食品中視實際需要適量使用,限 於食品製造或加工必須時使用,(十一) 調味劑
648,葡萄糖酸-δ內酯,Glucono-δ-Lactone,本品可於各類食品中視實際需要適量使用,限 於食品製造或加工必須時使用,(十一) 調味劑
649,胺基乙酸,Glycine,本品可於各類食品中視實際需要適量使用,限 於食品製造或加工必須時使用,(十一) 調味劑
650,DL-胺基丙酸,DL-Alanine,本品可於各類食品中視實際需要適量使用,限 於食品製造或加工必須時使用,(十一) 調味劑
651,磷酸,Phosphoric Acid,本品可使用於可樂及茶類飲料；用量為0.6g/kg 以下。,限 於食品製造或加工必須時使用,(十一) 調味劑
652,氯化鉀,Potassium Chloride,本品可於各類食品中視實際需要適量使用,,(十一) 調味劑
653,檸檬酸鉀,Potassium Citrate,本品可用於各類食品中視實際需要適量使用。,,(十一) 調味劑
654,咖啡因,Caffeine,本品可使用於飲料；用量以食品中咖啡因之總含量計為320mg/kg以下。,限作調味劑使用,(十一) 調味劑
655,茶胺酸,L-Theanine,本品可於各類食品中；用量為1 g/kg以下。,限 作調味劑使用,(十一) 調味劑
656,檸檬酸二氫鈉,Sodium Dihydrogen Citrate,本品可於各類食品中視實際需要適量使用。,限於食品製造或加工必須時使用。,(十一) 調味劑
657,5'-核糖核苷酸鈣,Calcium5’-Ribonucleotide,本品可於各類食品中視實際需要適量使用,限於食品製造或加工必須時使用。,(十一) 調味劑
658,5’-次黃嘌呤核苷磷酸二鈉,Sodium 5’-Inosinate,本品可於各類食品中視實際需要適量使用,限於食品製造或加工必須時使用,(十一) 調味劑
659,5’-鳥嘌呤核苷磷酸二鈉,Sodium 5’-Guanylate,本品可於各類食品中視實際需要適量使用,限於食品製造或加工必須時使用,(十一) 調味劑
660,酸處理澱粉,Acid Treated Starch,本品可於各類食品中視實際需要適量使用。,,(十二) 粘稠劑（糊料）
661,乙基羥乙基纖維素,Ethyl Hydroxyethyl Cellulose,本品可於膠囊狀、錠狀食品中視實際需要適量使用。,,(十二) 粘稠劑（糊料）
662,果膠,Pectins,本品可於各類食品中視實際需要適量使用。,嬰幼兒罐頭食品不得使用醯胺化果膠(amidated pectins)。,(十二) 粘稠劑（糊料）
663,關華豆膠,Guar gum,本品可於各類食品中視實際需要適量使用。,,(十二) 粘稠劑（糊料）
664,刺槐豆膠,Carob bean gum; Locust bean gum,本品可於各類食品中視實際需要適量使用。,,(十二) 粘稠劑（糊料）
665,海藻酸鈉,Sodium Alginate,本品可使用於各類食品；用量為10g/kg以下。,,(十二) 粘稠劑（糊料）
666,海藻酸丙二醇,Propylene Glycol Alginate,本品可使用於各類食品；用量為10g/kg 以下。,,(十二) 粘稠劑（糊料）
667,乾酪素,Casein,本品可於各類食品中視實際需要適量使用。,,(十二) 粘稠劑（糊料）
668,乾酪素鈉,Sodium Caseinate,本品可於各類食品中視實際需要適量使用。,,(十二) 粘稠劑（糊料）
669,乾酪素鈣,Calcium Caseinate,本品可於各類食品中視實際需要適量使用。,,(十二) 粘稠劑（糊料）
670,羧甲基纖維素鈉,SodiumCarboxymethylCellulose,本品可使用於各類食品；用量為20g/kg 以下。,,(十二) 粘稠劑（糊料）
671,羧甲基纖維素鈣,Calcium Carboxymethyl Cellulose,本品可使用於各類食品；用量為20g/kg 以下。,,(十二) 粘稠劑（糊料）
672,甲基纖維素,Methyl Cellulose,本品可使用於各類食品；用量為20g/kg 以下。,,(十二) 粘稠劑（糊料）
673,多丙烯酸鈉,Sodium Polyacrylate,本品可使用於各類食品；用量為2.0g/kg 以下。,,(十二) 粘稠劑（糊料）
674,鹿角菜膠,Carrageenan,本品可於各類食品中視實際需要適量使用。,,(十二) 粘稠劑（糊料）
675,玉米糖膠,Xanthan Gum,本品可於各類食品中視實際需要適量使用,,(十二) 粘稠劑（糊料）
676,海藻酸,Alginic Acid,本品可於各類食品中視實際需要適量使用。,,(十二) 粘稠劑（糊料）
677,海藻酸鉀,Potassium Alginate  （Algin）,本品可於各類食品中視實際需要適量使用。,,(十二) 粘稠劑（糊料）
678,海藻酸鈣,Calcium Alginate（Algin）,本品可於各類食品中視實際需要適量使用。,,(十二) 粘稠劑（糊料）
679,海藻酸銨,Ammonium Alginate （Algin）,本品可於各類食品中視實際需要適量使用。,,(十二) 粘稠劑（糊料）
680,羥丙基纖維素,Hydroxypropyl Cellulose,本品可於各類食品中視實際需要適量使用。,,(十二) 粘稠劑（糊料）
681,羥丙基甲基纖維素,Hydroxypropyl Methylcellulose （Propylene Glycol Ether of Methycellulose）,本品可於各類食品中視實際需要適量使用。,,(十二) 粘稠劑（糊料）
682,聚糊精,Polydextrose,本品可於各類食品中視實際需要適量使用。,一次食用量中本品含量超過15公克之食品，應顯著標示「過量食用對敏感者易引起腹瀉」。,(十二) 粘稠劑（糊料）
683,卡德蘭熱凝膠,Curdlan,本品可於各類食品中視實際需要適量使用。,,(十二) 粘稠劑（糊料）
684,結蘭膠,Gellan Gum,本品可於各類食品中視實際需要適量使用。,,(十二) 粘稠劑（糊料）
685,糊化澱粉 (鹼處理澱粉),Gelatinized Starch（Alkaline Treated Starch）,本品可於各類食品中視實際需要適量使用。,,(十二) 粘稠劑（糊料）
686,羥丙基磷酸二澱粉,Hydroxypropyl Distarch Phosphate,本品可於各類食品中視實際需要適量使用。,,(十二) 粘稠劑（糊料）
687,氧化羥丙基澱粉,Oxidized Hydroxypropyl Starch,本品可於各類食品中視實際需要適量使用。,,(十二) 粘稠劑（糊料）
688,漂白澱粉,Bleached Starch,本品可於各類食品中視實際需要適量使用。,,(十二) 粘稠劑（糊料）
689,氧化澱粉,Oxidized Starch,本品可於各類食品中視實際需要適量使用。,,(十二) 粘稠劑（糊料）
690,醋酸澱粉,Starch Acetate,本品可於各類食品中視實際需要適量使用。,,(十二) 粘稠劑（糊料）
691,乙醯化己二酸二澱粉,Acetylated Distarch Adipate,本品可於各類食品中視實際需要適量使用。,,(十二) 粘稠劑（糊料）
692,磷酸澱粉,Monostarch Phosphate,本品可於各類食品中視實際需要適量使用。,,(十二) 粘稠劑（糊料）
693,辛烯基丁二酸鈉澱粉,Starch Sodium Octenyl Succinate,本品可於各類食品中視實際需要適量使用。,,(十二) 粘稠劑（糊料）
694,磷酸二澱粉,Distarch Phosphate,本品可於各類食品中視實際需要適量使用。,,(十二) 粘稠劑（糊料）
695,磷酸化磷酸二澱粉,Phosphated Distarch Phosphate,本品可於各類食品中視實際需要適量使用。,,(十二) 粘稠劑（糊料）
696,乙醯化磷酸二澱粉,Acetylated DistarchPhosphate,本品可於各類食品中視實際需要適量使用。,,(十二) 粘稠劑（糊料）
697,羥丙基澱粉,Hydroxypropyl Starch,本品可於各類食品中視實際需要適量使用。,,(十二) 粘稠劑（糊料）
698,辛烯基丁二酸鋁澱粉,Starch AluminumOctenyl Succinate,本品可使用於各類食品；用量為20g/kg 以下。,,(十二) 粘稠劑（糊料）
699,丁二酸鈉澱粉,Starch Sodium Succinate,本品可使用於各類食品；用量為20g/kg 以下。,,(十二) 粘稠劑（糊料）
700,丙醇氧二澱粉,Distarchoxy Propanol,本品可使用於各類食品；用量為20g/kg 以下。,,(十二) 粘稠劑（糊料）
701,乙基纖維素,Ethyl Cellulose,本品可於膠囊狀、錠狀食品中視實際需要適量使用。,,(十二) 粘稠劑（糊料）
702,焦磷酸鉀,Potassium Pyrophosphate,本品可使用於肉製品及魚肉煉製品；用量以Phosphate 計為3g/kg 以下。,食品製造或加工必須時始得使用。,(十三) 結著劑
703,焦磷酸鈉,Sodium Pyrophosphate,本品可使用於肉製品及魚肉煉製品；用量以Phosphate 計為3g/kg 以下。,食品製造或加工必須時始得使用。,(十三) 結著劑
704,焦磷酸鈉（無水）,Sodium Pyrophosphate （Anhydrous）,本品可使用於肉製品及魚肉煉製品；用量以Phosphate 計為3g/kg 以下。,食品製造或加工必須時始得使用。,(十三) 結著劑
705,多磷酸鉀,Potassium Polyphosphate,本品可使用於肉製品及魚肉煉製品；用量以Phosphate 計為3g/kg 以下。,食品製造或加工必須時始得使用。,(十三) 結著劑
706,多磷酸鈉,Sodium Polyphosphate,本品可使用於肉製品及魚肉煉製品；用量以Phosphate 計為3g/kg 以下。,食品製造或加工必須時始得使用。,(十三) 結著劑
707,偏磷酸鉀,Potassium Metaphosphate,本品可使用於肉製品及魚肉煉製品；用量以Phosphate 計為3g/kg 以下。,食品製造或加工必須時始得使用。,(十三) 結著劑
708,偏磷酸鈉,Sodium Metaphosphate,本品可使用於肉製品及魚肉煉製品；用量以Phosphate 計為3g/kg 以下。,食品製造或加工必須時始得使用。,(十三) 結著劑
709,磷酸二氫鉀,Potassium Dihydrogen Phosphate,本品可使用於肉製品及魚肉煉製品；用量以Phosphate 計為3g/kg 以下。,食品製造或加工必須時始得使用。,(十三) 結著劑
710,磷酸二氫鈉,Sodium Dihydrogen Phosphate,本品可使用於肉製品及魚肉煉製品；用量以Phosphate 計為3g/kg 以下。,食品製造或加工必須時始得使用。,(十三) 結著劑
711,磷酸氫二鉀,Potassium  Phosphate，Dibasic,本品可使用於肉製品及魚肉煉製品；用量以Phosphate 計為3g/kg 以下。,食品製造或加工必須時始得使用。,(十三) 結著劑
712,磷酸氫二鈉,Sodium Phosphate，Dibasic,本品可使用於肉製品及魚肉煉製品；用量以Phosphate 計為3g/kg 以下。,食品製造或加工必須時始得使用。,(十三) 結著劑
713,磷酸氫二鈉（無水）,Sodium Phosphate，   Dibasic （Anhydrous）,本品可使用於肉製品及魚肉煉製品；用量以Phosphate 計為3g/kg 以下。,食品製造或加工必須時始得使用。,(十三) 結著劑
714,磷酸鉀,Potassium Phosphate，   Tribasic,本品可使用於肉製品及魚肉煉製品；用量以Phosphate 計為3g/kg 以下。,食品製造或加工必須時始得使用。,(十三) 結著劑
715,磷酸鈉,Sodium Phosphate， Tribasic,本品可使用於肉製品及魚肉煉製品；用量以Phosphate 計為3g/kg 以下。,食品製造或加工必須時始得使用。,(十三) 結著劑
716,氫氧化鈉,Sodium Hydroxide,本品可於各類食品中視實際需要適量使用。,最後製品完成前必須中和或去除。,(十四) 食品工業用化學藥品
717,氫氧化鉀,Potassium Hydroxide,本品可於各類食品中視實際需要適量使用。,最後製品完成前必須中和或去除。,(十四) 食品工業用化學藥品
718,氫氧化鈉溶液,Sodium Hydroxide Solution,本品可於各類食品中視實際需要適量使用。,最後製品完成前必須中和或去除。,(十四) 食品工業用化學藥品
719,氫氧化鉀溶液,Potassium Hydroxide    Solution,本品可於各類食品中視實際需要適量使用。,最後製品完成前必須中和或去除。,(十四) 食品工業用化學藥品
720,鹽酸,Hydrochloric Acid,本品可於各類食品中視實際需要適量使用。,最後製品完成前必須中和或去除。,(十四) 食品工業用化學藥品
721,硫酸,Sulfuric Acid,本品可於各類食品中視實際需要適量使用。,最後製品完成前必須中和或去除。,(十四) 食品工業用化學藥品
722,草酸,Oxalic Acid,本品可於各類食品中視實際需要適量使用。,最後製品完成前必須中和或去除。,(十四) 食品工業用化學藥品
723,離子交換樹脂,Ion-Exchange Resin,本品可於各類食品中視實際需要適量使用。,最後製品完成前必須中和或去除。,(十四) 食品工業用化學藥品
724,碳酸鉀,Potassium Carbonate,本品可於各類食品中視實際需要適量使用。,最後製品完成前必須中和或去除。,(十四) 食品工業用化學藥品
725,碳酸鈉（無水）,Sodium Carbonate（Anhydrous）,本品可於各類食品中視實際需要適量使用。,最後製品完成前必須中和或去除。,(十四) 食品工業用化學藥品
726,丙二醇,Propylene Glycol,本品可於各類食品中視實際需要適量使用。,,(十五) 載體
727,甘油,Glycerol,本品可於各類食品中視實際需要適量使用。,,(十五) 載體
728,脂肪酸甘油酯,Glycerin Fatty Acid Ester (Mono-and Diglycerides),本品可於各類食品中視實際需要適量使用。,,(十六) 乳化劑
729,脂肪酸蔗糖酯,Sucrose Fatty Acid Ester,本品可於各類食品中視實際需要適量使用。,,(十六) 乳化劑
730,脂肪酸山梨醇酐酯,Sorbitan Fatty Acid Ester,本品可於各類食品中視實際需要適量使用。,,(十六) 乳化劑
731,脂肪酸丙二醇酯,Propylene Glycol Fatty Acid Ester,本品可於各類食品中視實際需要適量使用。,,(十六) 乳化劑
732,單及雙脂肪酸甘油二乙醯酒石酸酯,Diacetyl Tartaric Acid Esters of Mono-and Diglycerides (DATEM),本品可於各類食品中視實際需要適量使用。,,(十六) 乳化劑
733,鹼式磷酸鋁鈉,Sodium Aluminum Phosphate，Basic,本品可於各類食品中視實際需要適量使用。,,(十六) 乳化劑
734,聚山梨醇酐脂肪酸酯二十,Polysorbate 20,本品可於各類食品中視實際需要適量使用。,,(十六) 乳化劑
735,聚山梨醇酐脂肪酸酯六十,Polysorbate 60,本品可於各類食品中視實際需要適量使用。,,(十六) 乳化劑
736,聚山梨醇酐脂肪酸酯六十五,Polysorbate 65,本品可於各類食品中視實際需要適量使用。,,(十六) 乳化劑
737,聚山梨醇酐脂肪酸酯八十,Polysorbate 80,本品可於各類食品中視實際需要適量使用。,,(十六) 乳化劑
738,羥丙基纖維素,Hydroxypropyl Cellulose,本品可於各類食品中視實際需要適量使用。,,(十六) 乳化劑
739,羥丙基甲基纖維素,Hydroxypropyl Methylcellulose （Propylene Glycol Ether of Methylcellulose,本品可於各類食品中視實際需要適量使用。,,(十六) 乳化劑
740,檸檬酸甘油酯,"Mono- and Diglycerides,Citrated",本品可於各類食品中視實際需要適量使用。,,(十六) 乳化劑
741,酒石酸甘油酯,"Mono- and Diglycerides, Tartrated",本品可於各類食品中視實際需要適量使用。,,(十六) 乳化劑
742,乳酸甘油酯,"Mono- and Diglycerides, Lactated",本品可於各類食品中視實際需要適量使用。,,(十六) 乳化劑
743,乙氧基甘油酯,"Mono- and Diglycerides, Ethoxylated",本品可於各類食品中視實際需要適量使用。,,(十六) 乳化劑
744,磷酸甘油酯,"Mono- and Diglycerides, Monosodium Phosphate Derivatives",本品可於各類食品中視實際需要適量使用。,,(十六) 乳化劑
745,琥珀酸甘油酯,Succinylated Monoglycerides(SMG),本品可於各類食品中視實際需要適量使用。,,(十六) 乳化劑
746,脂肪酸聚合甘油酯,Polyglycerol Esters ofFatty Acids,本品可於各類食品中視實際需要適量使用。,,(十六) 乳化劑
747,交酯化蓖麻酸聚合甘油酯,Polyglycerol Esters of Interesterified Ricinoleic Acids,本品可於各類食品中視實際需要適量使用。,,(十六) 乳化劑
748,乳酸硬脂酸鈉,Sodium Stearyl-2-Lactylate(SSL),本品可於各類食品中視實際需要適量使用。,,(十六) 乳化劑
749,乳酸硬脂酸鈣,Calcium Stearyl-2-Lactylate(CSL),本品可於各類食品中視實際需要適量使用。,,(十六) 乳化劑
750,脂肪酸鹽類,Salts of Fatty Acids,本品可於各類食品中視實際需要適量使用。,,(十六) 乳化劑
751,聚氧化乙烯（20）山梨醇酐單棕櫚酸酯；聚山梨醇酐脂肪酸酯四十,Polyoxyethylene　(20) Sorbitan Monopalmitate; Polysorbate 40,本品可於各類食品中視實際需要適量使用。,,(十六) 乳化劑
752,聚氧化乙烯（20）山梨醇酐單硬脂酸酯,Polyoxyethylene (20) Sorbitan Monostearate,本品可於各類食品中視實際需要適量使用。,,(十六) 乳化劑
753,聚氧化乙烯（20）山梨醇酐三硬脂酸酯,Polyoxyethylene (20) Sorbitan Tristearate,本品可於各類食品中視實際需要適量使用。,,(十六) 乳化劑
754,聚氧乙烯(40)硬脂酸酯,Polyoxyethylene (40) Stearate (Polyoxyl (40) Stearate),本品可於膠囊狀、錠狀食品中視實際需要適量使用。,,(十六) 乳化劑
755,果膠,Pectins,本品可於各類食品中視實際需要適量使用。,嬰幼兒罐頭食品不得使用醯胺化果膠(amidated pectins)。,(十六) 乳化劑
756,關華豆膠,Guar gum,本品可於各類食品中視實際需要適量使用。,,(十六) 乳化劑
757,刺槐豆膠,Carob bean gum; Locust bean gum,本品可於各類食品中視實際需要適量使用。,,(十六) 乳化劑
758,甘油二十二酸酯,Glyceryl Behenate,本品可於膠囊狀、錠狀食品中視實際需要適量使用。,,(十六) 乳化劑
759,磷脂酸銨,Ammonium Phosphatide,本品可使用於可可及巧克力製品，用量在10 g/kg以下。,,(十六) 乳化劑
760,胡椒基丁醚,Piperonyl Butoxide,本品可使用於穀類及豆類；用量為0.024g/kg 以下。,限防蟲用。,(十七) 其他
761,醋酸聚乙烯樹脂,Polyvinyl Acetate,"1.	本品限果實及果菜之表皮被膜用；可視實際需要適量使用。 
2.	本品可於膠囊狀、錠狀食品中視實際需要適量使用。",,(十七) 其他
762,矽樹脂,Silicon Resin,本品可使用於各類食品；用量為0.05g/kg以下。,限消泡用。,(十七) 其他
763,矽藻土,Diatomaceous Earth,"1. 本品可使用於各類食品；於食品中殘留量不得超過5g/kg 以下。
2. 本品可使用於餐飲業用油炸油之助濾，用量為0.1%以下。","1.食品製造加工吸著用或過濾用。
2.餐飲業使用於經油炸後直接供食用之油脂助濾時，應置於濾紙上供油炸油過濾使用，不得直接添加於油炸油中，並不得重複使用。",(十七) 其他
764,酵素製劑,Enzyme Product,本品可於各類食品中視實際需要適量使用。,限於食品製造或加工必須時使用。,(十七) 其他
765,油酸鈉,Sodium Oleate,本品限果實及果菜之表皮被膜用；可視實際需要適量使用。,,(十七) 其他
766,羥乙烯高級脂肪族醇,Oxyethylene Higher Aliphatic Alcohol,本品限果實及果菜之表皮被膜用；可視實際需要適量使用。,,(十七) 其他
767,蟲膠,Shellac,本品可於各類食品中視實際需要適量使用。,限食品製造或加工必須時使用。,(十七) 其他
768,石油蠟,Petroleum Wax,本品可於口香糖及泡泡糖、果實、果菜、乾酪及殼蛋中視實際需要適量使用。,使用於果實、果菜、乾酪及殼蛋時限為保護被膜用。,(十七) 其他
769,合成石油蠟,Petroleum wax， Synthetic,本品可於口香糖及泡泡糖、果實、果菜、乾酪及殼蛋中視實際需要適量使用。,使用於果實、果菜、乾酪及殼蛋時限為保護被膜用。,(十七) 其他
770,液態石蠟（礦物油）,Liquid Paraffin   （Mineral Oil）,"1.	本品可使用於膠囊狀、錠狀食品；用量為0.7%以下。
2.	本品可於其他各類食品中使用；用量為0.1％以下。",限於食品製造或加工必須時使用。,(十七) 其他
771,聚乙二醇,Polyethylene Glycol        200-9500,本品限於錠劑、膠囊食品中使用；可視實際需要適量使用。,限於食品製造或加工必須時使用。,(十七) 其他
772,單寧酸,"（Polygalloyl- glucose,  Tannic acid）",本品可使用於非酒精飲料，用量為0.005%以下。,食品製造助濾用(Filtering aid),(十七) 其他
773,皂樹皮萃取物,Quillaia Extracts,本品可使用於調味飲料；用量為0.2g/kg或0.2g/l以下。,,(十七) 其他
774,聚乙烯醇,Polyvinyl Alcohol,本品可使用於錠狀食品之被膜；用量為2.0％以下。,,(十七) 其他
775,合成矽酸鎂,Magnesium Silicate （Synthetic）,"1.	本品可使用於油脂之助濾，用量為2％以下。
2.	本品可於膠囊狀、錠狀食品中視實際需要適量使用。","1.食品製造助濾用(Filtering aid)及防結塊劑(Anticaking agent)。
2.餐飲業使用於經油炸後直接供食用之油脂助濾時應置於濾紙上供油炸油過濾使用，不得直接添加於油炸油中，並不得重複使用。",(十七) 其他
776,三乙酸甘油酯,Triacetin  (Glyceryl Triacetate),本品可於膠囊狀、錠狀食品中視實際需要適量使用。,限於食品製造或加工必須時使用。,(十七) 其他
777,聚乙烯聚吡咯烷酮,Crospovidone (Polyvinylpolypyrrolidone),本品可於膠囊狀、錠狀食品中視實際需要適量使用。,限於食品製造或加工必須時使用。,(十七) 其他
778,硫酸月桂酯鈉,Sodium Lauryl Sulfate,本品可於膠囊狀、錠狀食品中視實際需要適量使用。,限於食品製造或加工必須時使用。,(十七) 其他
779,D-山梨醇,D-Sorbitol,本品可於各類食品中視實際需要適量使用。,"1.限於食品製造或加工必須時使用。
2. 嬰兒食品不得使用。",(十一之一) 甜味劑
780,D-山梨醇液70％,D-Sorbitol Solution 70％,本品可於各類食品中視實際需要適量使用。,"1. 限於食品製造或加工必須時使用。
2. 嬰兒食品不得使用。",(十一之一) 甜味劑
781,木糖醇,Xylitol,本品可於各類食品中視實際需要適量使用。,"1. 限於食品製造或加工必須時使用。
2. 嬰兒食品不得使用。",(十一之一) 甜味劑
782,甘草素,Glycyrrhizin,本品可於各類食品中視實際需要適量使用。,不得使用於代糖錠劑及粉末。,(十一之一) 甜味劑
783,甘草酸鈉,Trisodium  Glycyrrhizinate,本品可於各類食品中視實際需要適量使用。,不得使用於代糖錠劑及粉末。,(十一之一) 甜味劑
784,D-甘露醇,D-Mannitol,本品可於各類食品中視實際需要適量使用。,"1. 限於食品製造或加工必須時使用。
2. 嬰兒食品不得使用。",(十一之一) 甜味劑
785,糖精,Saccharin,"1. 本品可使用於瓜子、蜜餞及梅粉；用量以Saccharin計為2.0g/kg以下。
2. 本品可使用於碳酸飲料；用量以Saccharin計為0.2g/kg 以下。
3. 本品可使用於代糖錠劑及粉末。
4. 本品可使用於特殊營養食品。
5. 本品可使用於膠囊狀、錠狀食品；用量以Saccharin 計為1.2g/kg以下。
6. 本品可使用於液態膳食補充品，用量以Saccharin計為0.08 g/L以下。",使用於特殊營養食品時，必須事先獲得中央主管機關之核准。,(十一之一) 甜味劑
786,糖精鈉鹽,Sodium Saccharin,"1. 本品可使用於瓜子、蜜餞及梅粉；用量以Saccharin 計為2.0g/kg以下。
2. 本品可使用於碳酸飲料；用量以Saccharin計為0.2g/kg 以下。
3. 本品可使用於代糖錠劑及粉末。
4. 本品可使用於特殊營養食品。
5. 本品可使用於膠囊狀、錠狀食品；用量以Saccharin 計為1.2g/kg以下。
6. 本品可使用於液態膳食補充品，用量以Saccharin計為0.08 g/L以下。",使用於特殊營養食品時，必須事先獲得中央主管機關之核准。,(十一之一) 甜味劑
787,環己基（代）磺醯胺酸鈉,Sodium Cyclamate,"1. 本品可使用於瓜子、蜜餞及梅粉；用量以Cyclamate 計為1.0g/kg 以下。
2. 本品可使用於碳酸飲料；用量以Cyclamate計為0.2g/kg 以下。
3. 本品可使用於代糖錠劑及粉末。
4. 本品可使用於特殊營養食品。
5. 本品可使用於膠囊狀、錠狀食品；用量以Cyclamate 計為1.25g/kg 以下。
6. 本品可使用於液態膳食補充品，用量以Cyclamate計為0.4 g/L以下。",使用於特殊營養食品時，必須事先獲得中央主管機關之核准。,(十一之一) 甜味劑
788,環己基（代） 磺醯胺酸鈣,Calcium Cyclamate,"1. 本品可使用於瓜子、蜜餞及梅粉；用量以Cyclamate 計為1.0g/kg 以下。
2. 本品可使用於碳酸飲料；用量以Cyclamate計為0.2g/kg 以下。
3. 本品可使用於代糖錠劑及粉末。
4. 本品可使用於特殊營養食品。
5. 本品可使用於膠囊狀、錠狀食品；用量以Cyclamate 計為1.25g/kg 以下。
6. 本品可使用於液態膳食補充品，用量以Cyclamate計為0.4 g/L以下。",使用於特殊營養食品時，必須事先獲得中央主管機關之核准。,(十一之一) 甜味劑
789,阿斯巴甜,Aspartame,本品可於各類食品中視實際需要適量使用。,限於食品製造或加工必須時使用。,(十一之一) 甜味劑
790,甜菊醣苷,Steviol Glycosides,"1. 本品可使用於瓜子、蜜餞及梅粉中視實際需要適量使用。
2. 本品可使用於代糖錠劑及其粉末。
3. 本品可使用於特殊營養食品。
4. 本品可使用於豆品及乳品飲料、發酵乳及其製品、冰淇淋、糕餅、口香糖、糖果、點心零食及榖類早餐，用量為0.05％以下。
5. 本品可使用於飲料、醬油、調味醬及醃製蔬菜，用量為0.1％以下。",使用於特殊營養食品時，必須事先獲得中央主管機關之核准。,(十一之一) 甜味劑
791,甘草萃,Licorice Extracts,本品可於各類食品中視實際需要適量使用。,不得使用於代糖錠劑及粉末。,(十一之一) 甜味劑
792,醋磺內酯鉀,Acesulfame Potassium,本品可於各類食品中視實際需要適量使用。,"1. 使用於特殊營養食品時，必須事先獲得中央主管機關之核准。
2. 生鮮禽畜肉類不得使用。",(十一之一) 甜味劑
793,甘草酸銨,Ammoniated Glycyrrhizin,本品可於各類食品中視實際需要適量使用。,不得使用於代糖錠劑及粉末。,(十一之一) 甜味劑
794,甘草酸一銨,Monoammonium Glycyrrhizinate,本品可於各類食品中視實際需要適量使用,不得使用於代糖錠劑及粉末。,(十一之一) 甜味劑
795,麥芽糖醇,Maltitol,本品可於各類食品中視實際需要適量使用。,"1. 限於食品製造或加工必須時使用。
2. 嬰兒食品不得使用。",(十一之一) 甜味劑
796,麥芽糖醇糖漿,Maltitol Syrup,本品可於各類食品中視實際需要適量使用。,"1. 限於食品製造或加工必須時使用。
2. 嬰兒食品不得使用。",(十一之一) 甜味劑
797,異麥芽酮糖醇（巴糖醇）,Isomalt (Hydrogenated Palatinose),本品可於各類食品中視實際需要適量使用。,"1. 限於食品製造或加工必須時使用。
2. 嬰兒食品不得使用。",(十一之一) 甜味劑
798,乳糖醇,Lactitol,本品可於各類食品中視實際需要適量使用。,"1. 限於食品製造或加工必須時使用。
2. 嬰兒食品不得使用。",(十一之一) 甜味劑
799,單尿甘酸甘草酸,Monoglucuronyl Glycyrrhetic Acid,本品可於各類食品中視實際需要適量使用。,不得使用於代糖錠劑及粉末。,(十一之一) 甜味劑
800,索馬甜,Thaumatin,本品可於各類食品中視實際需要適量使用。,限於食品製造或加工必須時使用。,(十一之一) 甜味劑
801,赤藻糖醇,Erythritol,本品可於各類食品中視實際需要適量使用。,,(十一之一) 甜味劑
802,蔗糖素,Sucralose,本品可於各類食品中視實際需要適量使用。,使用於特殊營養食品時，必須事先獲得中央主管機關之核准。,(十一之一) 甜味劑
803,紐甜,Neotame,本品可於各類食品中視實際需要適量使用。,使用於特殊營養食品時，必須事先獲得中央主管機關之核准。,(十一之一) 甜味劑
804,羅漢果醣苷萃取物,Mogroside Extract,本品可於各類食品中視實際需要適量使用。,限於食品製造或加工必須時使用。,(十一之一) 甜味劑